<Anims>
 <anim name="idle_fresh" root="weed" numframes="1000" framerate="40">
  <frame idx="0" w="259" h="291" x="-4.190353" y="-28.509933">
   <element name="weed_fresh" layername="weed_fresh" frame="0" z_index="2" m_a="0.068959" m_b="0.402934" m_c="-0.391280" m_d="0.066964" m_tx="76.390007" m_ty="-145.984421"/>
  </frame>
  <frame idx="25" w="259" h="291" x="-4.190353" y="-28.509933">
   <element name="weed_fresh" layername="weed_fresh" frame="0" z_index="2" m_a="0.068959" m_b="0.402934" m_c="-0.391280" m_d="0.066964" m_tx="76.390007" m_ty="-145.984421"/>
  </frame>
  <frame idx="50" w="259" h="291" x="-4.190353" y="-28.509933">
   <element name="weed_fresh" layername="weed_fresh" frame="0" z_index="2" m_a="0.068959" m_b="0.402934" m_c="-0.391280" m_d="0.066964" m_tx="76.390007" m_ty="-145.984421"/>
  </frame>
  <frame idx="75" w="259" h="291" x="-4.190353" y="-28.509933">
   <element name="weed_fresh" layername="weed_fresh" frame="0" z_index="2" m_a="0.068959" m_b="0.402934" m_c="-0.391280" m_d="0.066964" m_tx="76.390007" m_ty="-145.984421"/>
  </frame>
  <frame idx="100" w="259" h="291" x="-4.190353" y="-28.509933">
   <element name="weed_fresh" layername="weed_fresh" frame="0" z_index="2" m_a="0.068959" m_b="0.402934" m_c="-0.391280" m_d="0.066964" m_tx="76.390007" m_ty="-145.984421"/>
  </frame>
  <frame idx="125" w="259" h="291" x="-4.190353" y="-28.509933">
   <element name="weed_fresh" layername="weed_fresh" frame="0" z_index="2" m_a="0.068959" m_b="0.402934" m_c="-0.391280" m_d="0.066964" m_tx="76.390007" m_ty="-145.984421"/>
  </frame>
  <frame idx="150" w="259" h="291" x="-4.190353" y="-28.509933">
   <element name="weed_fresh" layername="weed_fresh" frame="0" z_index="2" m_a="0.068959" m_b="0.402934" m_c="-0.391280" m_d="0.066964" m_tx="76.390007" m_ty="-145.984421"/>
  </frame>
  <frame idx="175" w="259" h="291" x="-4.190353" y="-28.509933">
   <element name="weed_fresh" layername="weed_fresh" frame="0" z_index="2" m_a="0.068959" m_b="0.402934" m_c="-0.391280" m_d="0.066964" m_tx="76.390007" m_ty="-145.984421"/>
  </frame>
  <frame idx="200" w="259" h="291" x="-4.190353" y="-28.509933">
   <element name="weed_fresh" layername="weed_fresh" frame="0" z_index="2" m_a="0.068959" m_b="0.402934" m_c="-0.391280" m_d="0.066964" m_tx="76.390007" m_ty="-145.984421"/>
  </frame>
  <frame idx="225" w="259" h="291" x="-4.190353" y="-28.509933">
   <element name="weed_fresh" layername="weed_fresh" frame="0" z_index="2" m_a="0.068959" m_b="0.402934" m_c="-0.391280" m_d="0.066964" m_tx="76.390007" m_ty="-145.984421"/>
  </frame>
  <frame idx="250" w="259" h="291" x="-4.190353" y="-28.509933">
   <element name="weed_fresh" layername="weed_fresh" frame="0" z_index="2" m_a="0.068959" m_b="0.402934" m_c="-0.391280" m_d="0.066964" m_tx="76.390007" m_ty="-145.984421"/>
  </frame>
  <frame idx="275" w="259" h="291" x="-4.190353" y="-28.509933">
   <element name="weed_fresh" layername="weed_fresh" frame="0" z_index="2" m_a="0.068959" m_b="0.402934" m_c="-0.391280" m_d="0.066964" m_tx="76.390007" m_ty="-145.984421"/>
  </frame>
  <frame idx="300" w="259" h="291" x="-4.190353" y="-28.509933">
   <element name="weed_fresh" layername="weed_fresh" frame="0" z_index="2" m_a="0.068959" m_b="0.402934" m_c="-0.391280" m_d="0.066964" m_tx="76.390007" m_ty="-145.984421"/>
  </frame>
  <frame idx="325" w="259" h="291" x="-4.190353" y="-28.509933">
   <element name="weed_fresh" layername="weed_fresh" frame="0" z_index="2" m_a="0.068959" m_b="0.402934" m_c="-0.391280" m_d="0.066964" m_tx="76.390007" m_ty="-145.984421"/>
  </frame>
  <frame idx="350" w="259" h="291" x="-4.190353" y="-28.509933">
   <element name="weed_fresh" layername="weed_fresh" frame="0" z_index="2" m_a="0.068959" m_b="0.402934" m_c="-0.391280" m_d="0.066964" m_tx="76.390007" m_ty="-145.984421"/>
  </frame>
  <frame idx="375" w="259" h="291" x="-4.190353" y="-28.509933">
   <element name="weed_fresh" layername="weed_fresh" frame="0" z_index="2" m_a="0.068959" m_b="0.402934" m_c="-0.391280" m_d="0.066964" m_tx="76.390007" m_ty="-145.984421"/>
  </frame>
  <frame idx="400" w="259" h="291" x="-4.190353" y="-28.509933">
   <element name="weed_fresh" layername="weed_fresh" frame="0" z_index="2" m_a="0.068959" m_b="0.402934" m_c="-0.391280" m_d="0.066964" m_tx="76.390007" m_ty="-145.984421"/>
  </frame>
  <frame idx="425" w="259" h="291" x="-4.190353" y="-28.509933">
   <element name="weed_fresh" layername="weed_fresh" frame="0" z_index="2" m_a="0.068959" m_b="0.402934" m_c="-0.391280" m_d="0.066964" m_tx="76.390007" m_ty="-145.984421"/>
  </frame>
  <frame idx="450" w="259" h="291" x="-4.190353" y="-28.509933">
   <element name="weed_fresh" layername="weed_fresh" frame="0" z_index="2" m_a="0.068959" m_b="0.402934" m_c="-0.391280" m_d="0.066964" m_tx="76.390007" m_ty="-145.984421"/>
  </frame>
  <frame idx="475" w="259" h="291" x="-4.190353" y="-28.509933">
   <element name="weed_fresh" layername="weed_fresh" frame="0" z_index="2" m_a="0.068959" m_b="0.402934" m_c="-0.391280" m_d="0.066964" m_tx="76.390007" m_ty="-145.984421"/>
  </frame>
  <frame idx="500" w="259" h="291" x="-4.190353" y="-28.509933">
   <element name="weed_fresh" layername="weed_fresh" frame="0" z_index="2" m_a="0.068959" m_b="0.402934" m_c="-0.391280" m_d="0.066964" m_tx="76.390007" m_ty="-145.984421"/>
  </frame>
  <frame idx="525" w="259" h="291" x="-4.190353" y="-28.509933">
   <element name="weed_fresh" layername="weed_fresh" frame="0" z_index="2" m_a="0.068959" m_b="0.402934" m_c="-0.391280" m_d="0.066964" m_tx="76.390007" m_ty="-145.984421"/>
  </frame>
  <frame idx="550" w="259" h="291" x="-4.190353" y="-28.509933">
   <element name="weed_fresh" layername="weed_fresh" frame="0" z_index="2" m_a="0.068959" m_b="0.402934" m_c="-0.391280" m_d="0.066964" m_tx="76.390007" m_ty="-145.984421"/>
  </frame>
  <frame idx="575" w="259" h="291" x="-4.190353" y="-28.509933">
   <element name="weed_fresh" layername="weed_fresh" frame="0" z_index="2" m_a="0.068959" m_b="0.402934" m_c="-0.391280" m_d="0.066964" m_tx="76.390007" m_ty="-145.984421"/>
  </frame>
  <frame idx="600" w="259" h="291" x="-4.190353" y="-28.509933">
   <element name="weed_fresh" layername="weed_fresh" frame="0" z_index="2" m_a="0.068959" m_b="0.402934" m_c="-0.391280" m_d="0.066964" m_tx="76.390007" m_ty="-145.984421"/>
  </frame>
  <frame idx="625" w="259" h="291" x="-4.190353" y="-28.509933">
   <element name="weed_fresh" layername="weed_fresh" frame="0" z_index="2" m_a="0.068959" m_b="0.402934" m_c="-0.391280" m_d="0.066964" m_tx="76.390007" m_ty="-145.984421"/>
  </frame>
  <frame idx="650" w="259" h="291" x="-4.190353" y="-28.509933">
   <element name="weed_fresh" layername="weed_fresh" frame="0" z_index="2" m_a="0.068959" m_b="0.402934" m_c="-0.391280" m_d="0.066964" m_tx="76.390007" m_ty="-145.984421"/>
  </frame>
  <frame idx="675" w="259" h="291" x="-4.190353" y="-28.509933">
   <element name="weed_fresh" layername="weed_fresh" frame="0" z_index="2" m_a="0.068959" m_b="0.402934" m_c="-0.391280" m_d="0.066964" m_tx="76.390007" m_ty="-145.984421"/>
  </frame>
  <frame idx="700" w="259" h="291" x="-4.190353" y="-28.509933">
   <element name="weed_fresh" layername="weed_fresh" frame="0" z_index="2" m_a="0.068959" m_b="0.402934" m_c="-0.391280" m_d="0.066964" m_tx="76.390007" m_ty="-145.984421"/>
  </frame>
  <frame idx="725" w="259" h="291" x="-4.190353" y="-28.509933">
   <element name="weed_fresh" layername="weed_fresh" frame="0" z_index="2" m_a="0.068959" m_b="0.402934" m_c="-0.391280" m_d="0.066964" m_tx="76.390007" m_ty="-145.984421"/>
  </frame>
  <frame idx="750" w="259" h="291" x="-4.190353" y="-28.509933">
   <element name="weed_fresh" layername="weed_fresh" frame="0" z_index="2" m_a="0.068959" m_b="0.402934" m_c="-0.391280" m_d="0.066964" m_tx="76.390007" m_ty="-145.984421"/>
  </frame>
  <frame idx="775" w="259" h="291" x="-4.190353" y="-28.509933">
   <element name="weed_fresh" layername="weed_fresh" frame="0" z_index="2" m_a="0.068959" m_b="0.402934" m_c="-0.391280" m_d="0.066964" m_tx="76.390007" m_ty="-145.984421"/>
  </frame>
  <frame idx="800" w="259" h="291" x="-4.190353" y="-28.509933">
   <element name="weed_fresh" layername="weed_fresh" frame="0" z_index="2" m_a="0.068959" m_b="0.402934" m_c="-0.391280" m_d="0.066964" m_tx="76.390007" m_ty="-145.984421"/>
  </frame>
  <frame idx="825" w="259" h="291" x="-4.190353" y="-28.509933">
   <element name="weed_fresh" layername="weed_fresh" frame="0" z_index="2" m_a="0.068959" m_b="0.402934" m_c="-0.391280" m_d="0.066964" m_tx="76.390007" m_ty="-145.984421"/>
  </frame>
  <frame idx="850" w="259" h="291" x="-4.190353" y="-28.509933">
   <element name="weed_fresh" layername="weed_fresh" frame="0" z_index="2" m_a="0.068959" m_b="0.402934" m_c="-0.391280" m_d="0.066964" m_tx="76.390007" m_ty="-145.984421"/>
  </frame>
  <frame idx="875" w="259" h="291" x="-4.190353" y="-28.509933">
   <element name="weed_fresh" layername="weed_fresh" frame="0" z_index="2" m_a="0.068959" m_b="0.402934" m_c="-0.391280" m_d="0.066964" m_tx="76.390007" m_ty="-145.984421"/>
  </frame>
  <frame idx="900" w="259" h="291" x="-4.190353" y="-28.509933">
   <element name="weed_fresh" layername="weed_fresh" frame="0" z_index="2" m_a="0.068959" m_b="0.402934" m_c="-0.391280" m_d="0.066964" m_tx="76.390007" m_ty="-145.984421"/>
  </frame>
  <frame idx="925" w="259" h="291" x="-4.190353" y="-28.509933">
   <element name="weed_fresh" layername="weed_fresh" frame="0" z_index="2" m_a="0.068959" m_b="0.402934" m_c="-0.391280" m_d="0.066964" m_tx="76.390007" m_ty="-145.984421"/>
  </frame>
  <frame idx="950" w="259" h="291" x="-4.190353" y="-28.509933">
   <element name="weed_fresh" layername="weed_fresh" frame="0" z_index="2" m_a="0.068959" m_b="0.402934" m_c="-0.391280" m_d="0.066964" m_tx="76.390007" m_ty="-145.984421"/>
  </frame>
  <frame idx="975" w="259" h="291" x="-4.190353" y="-28.509933">
   <element name="weed_fresh" layername="weed_fresh" frame="0" z_index="2" m_a="0.068959" m_b="0.402934" m_c="-0.391280" m_d="0.066964" m_tx="76.390007" m_ty="-145.984421"/>
  </frame>
 </anim>
 <anim name="idle_dried" root="weed" numframes="1000" framerate="40">
  <frame idx="0" w="259" h="291" x="-4.190353" y="-28.509933">
   <element name="weed_dried" layername="weed_fresh" frame="0" z_index="2" m_a="0.068959" m_b="0.402934" m_c="-0.391280" m_d="0.066964" m_tx="76.390007" m_ty="-145.984421"/>
  </frame>
  <frame idx="25" w="259" h="291" x="-4.190353" y="-28.509933">
   <element name="weed_dried" layername="weed_fresh" frame="0" z_index="2" m_a="0.068959" m_b="0.402934" m_c="-0.391280" m_d="0.066964" m_tx="76.390007" m_ty="-145.984421"/>
  </frame>
  <frame idx="50" w="259" h="291" x="-4.190353" y="-28.509933">
   <element name="weed_dried" layername="weed_fresh" frame="0" z_index="2" m_a="0.068959" m_b="0.402934" m_c="-0.391280" m_d="0.066964" m_tx="76.390007" m_ty="-145.984421"/>
  </frame>
  <frame idx="75" w="259" h="291" x="-4.190353" y="-28.509933">
   <element name="weed_dried" layername="weed_fresh" frame="0" z_index="2" m_a="0.068959" m_b="0.402934" m_c="-0.391280" m_d="0.066964" m_tx="76.390007" m_ty="-145.984421"/>
  </frame>
  <frame idx="100" w="259" h="291" x="-4.190353" y="-28.509933">
   <element name="weed_dried" layername="weed_fresh" frame="0" z_index="2" m_a="0.068959" m_b="0.402934" m_c="-0.391280" m_d="0.066964" m_tx="76.390007" m_ty="-145.984421"/>
  </frame>
  <frame idx="125" w="259" h="291" x="-4.190353" y="-28.509933">
   <element name="weed_dried" layername="weed_fresh" frame="0" z_index="2" m_a="0.068959" m_b="0.402934" m_c="-0.391280" m_d="0.066964" m_tx="76.390007" m_ty="-145.984421"/>
  </frame>
  <frame idx="150" w="259" h="291" x="-4.190353" y="-28.509933">
   <element name="weed_dried" layername="weed_fresh" frame="0" z_index="2" m_a="0.068959" m_b="0.402934" m_c="-0.391280" m_d="0.066964" m_tx="76.390007" m_ty="-145.984421"/>
  </frame>
  <frame idx="175" w="259" h="291" x="-4.190353" y="-28.509933">
   <element name="weed_dried" layername="weed_fresh" frame="0" z_index="2" m_a="0.068959" m_b="0.402934" m_c="-0.391280" m_d="0.066964" m_tx="76.390007" m_ty="-145.984421"/>
  </frame>
  <frame idx="200" w="259" h="291" x="-4.190353" y="-28.509933">
   <element name="weed_dried" layername="weed_fresh" frame="0" z_index="2" m_a="0.068959" m_b="0.402934" m_c="-0.391280" m_d="0.066964" m_tx="76.390007" m_ty="-145.984421"/>
  </frame>
  <frame idx="225" w="259" h="291" x="-4.190353" y="-28.509933">
   <element name="weed_dried" layername="weed_fresh" frame="0" z_index="2" m_a="0.068959" m_b="0.402934" m_c="-0.391280" m_d="0.066964" m_tx="76.390007" m_ty="-145.984421"/>
  </frame>
  <frame idx="250" w="259" h="291" x="-4.190353" y="-28.509933">
   <element name="weed_dried" layername="weed_fresh" frame="0" z_index="2" m_a="0.068959" m_b="0.402934" m_c="-0.391280" m_d="0.066964" m_tx="76.390007" m_ty="-145.984421"/>
  </frame>
  <frame idx="275" w="259" h="291" x="-4.190353" y="-28.509933">
   <element name="weed_dried" layername="weed_fresh" frame="0" z_index="2" m_a="0.068959" m_b="0.402934" m_c="-0.391280" m_d="0.066964" m_tx="76.390007" m_ty="-145.984421"/>
  </frame>
  <frame idx="300" w="259" h="291" x="-4.190353" y="-28.509933">
   <element name="weed_dried" layername="weed_fresh" frame="0" z_index="2" m_a="0.068959" m_b="0.402934" m_c="-0.391280" m_d="0.066964" m_tx="76.390007" m_ty="-145.984421"/>
  </frame>
  <frame idx="325" w="259" h="291" x="-4.190353" y="-28.509933">
   <element name="weed_dried" layername="weed_fresh" frame="0" z_index="2" m_a="0.068959" m_b="0.402934" m_c="-0.391280" m_d="0.066964" m_tx="76.390007" m_ty="-145.984421"/>
  </frame>
  <frame idx="350" w="259" h="291" x="-4.190353" y="-28.509933">
   <element name="weed_dried" layername="weed_fresh" frame="0" z_index="2" m_a="0.068959" m_b="0.402934" m_c="-0.391280" m_d="0.066964" m_tx="76.390007" m_ty="-145.984421"/>
  </frame>
  <frame idx="375" w="259" h="291" x="-4.190353" y="-28.509933">
   <element name="weed_dried" layername="weed_fresh" frame="0" z_index="2" m_a="0.068959" m_b="0.402934" m_c="-0.391280" m_d="0.066964" m_tx="76.390007" m_ty="-145.984421"/>
  </frame>
  <frame idx="400" w="259" h="291" x="-4.190353" y="-28.509933">
   <element name="weed_dried" layername="weed_fresh" frame="0" z_index="2" m_a="0.068959" m_b="0.402934" m_c="-0.391280" m_d="0.066964" m_tx="76.390007" m_ty="-145.984421"/>
  </frame>
  <frame idx="425" w="259" h="291" x="-4.190353" y="-28.509933">
   <element name="weed_dried" layername="weed_fresh" frame="0" z_index="2" m_a="0.068959" m_b="0.402934" m_c="-0.391280" m_d="0.066964" m_tx="76.390007" m_ty="-145.984421"/>
  </frame>
  <frame idx="450" w="259" h="291" x="-4.190353" y="-28.509933">
   <element name="weed_dried" layername="weed_fresh" frame="0" z_index="2" m_a="0.068959" m_b="0.402934" m_c="-0.391280" m_d="0.066964" m_tx="76.390007" m_ty="-145.984421"/>
  </frame>
  <frame idx="475" w="259" h="291" x="-4.190353" y="-28.509933">
   <element name="weed_dried" layername="weed_fresh" frame="0" z_index="2" m_a="0.068959" m_b="0.402934" m_c="-0.391280" m_d="0.066964" m_tx="76.390007" m_ty="-145.984421"/>
  </frame>
  <frame idx="500" w="259" h="291" x="-4.190353" y="-28.509933">
   <element name="weed_dried" layername="weed_fresh" frame="0" z_index="2" m_a="0.068959" m_b="0.402934" m_c="-0.391280" m_d="0.066964" m_tx="76.390007" m_ty="-145.984421"/>
  </frame>
  <frame idx="525" w="259" h="291" x="-4.190353" y="-28.509933">
   <element name="weed_dried" layername="weed_fresh" frame="0" z_index="2" m_a="0.068959" m_b="0.402934" m_c="-0.391280" m_d="0.066964" m_tx="76.390007" m_ty="-145.984421"/>
  </frame>
  <frame idx="550" w="259" h="291" x="-4.190353" y="-28.509933">
   <element name="weed_dried" layername="weed_fresh" frame="0" z_index="2" m_a="0.068959" m_b="0.402934" m_c="-0.391280" m_d="0.066964" m_tx="76.390007" m_ty="-145.984421"/>
  </frame>
  <frame idx="575" w="259" h="291" x="-4.190353" y="-28.509933">
   <element name="weed_dried" layername="weed_fresh" frame="0" z_index="2" m_a="0.068959" m_b="0.402934" m_c="-0.391280" m_d="0.066964" m_tx="76.390007" m_ty="-145.984421"/>
  </frame>
  <frame idx="600" w="259" h="291" x="-4.190353" y="-28.509933">
   <element name="weed_dried" layername="weed_fresh" frame="0" z_index="2" m_a="0.068959" m_b="0.402934" m_c="-0.391280" m_d="0.066964" m_tx="76.390007" m_ty="-145.984421"/>
  </frame>
  <frame idx="625" w="259" h="291" x="-4.190353" y="-28.509933">
   <element name="weed_dried" layername="weed_fresh" frame="0" z_index="2" m_a="0.068959" m_b="0.402934" m_c="-0.391280" m_d="0.066964" m_tx="76.390007" m_ty="-145.984421"/>
  </frame>
  <frame idx="650" w="259" h="291" x="-4.190353" y="-28.509933">
   <element name="weed_dried" layername="weed_fresh" frame="0" z_index="2" m_a="0.068959" m_b="0.402934" m_c="-0.391280" m_d="0.066964" m_tx="76.390007" m_ty="-145.984421"/>
  </frame>
  <frame idx="675" w="259" h="291" x="-4.190353" y="-28.509933">
   <element name="weed_dried" layername="weed_fresh" frame="0" z_index="2" m_a="0.068959" m_b="0.402934" m_c="-0.391280" m_d="0.066964" m_tx="76.390007" m_ty="-145.984421"/>
  </frame>
  <frame idx="700" w="259" h="291" x="-4.190353" y="-28.509933">
   <element name="weed_dried" layername="weed_fresh" frame="0" z_index="2" m_a="0.068959" m_b="0.402934" m_c="-0.391280" m_d="0.066964" m_tx="76.390007" m_ty="-145.984421"/>
  </frame>
  <frame idx="725" w="259" h="291" x="-4.190353" y="-28.509933">
   <element name="weed_dried" layername="weed_fresh" frame="0" z_index="2" m_a="0.068959" m_b="0.402934" m_c="-0.391280" m_d="0.066964" m_tx="76.390007" m_ty="-145.984421"/>
  </frame>
  <frame idx="750" w="259" h="291" x="-4.190353" y="-28.509933">
   <element name="weed_dried" layername="weed_fresh" frame="0" z_index="2" m_a="0.068959" m_b="0.402934" m_c="-0.391280" m_d="0.066964" m_tx="76.390007" m_ty="-145.984421"/>
  </frame>
  <frame idx="775" w="259" h="291" x="-4.190353" y="-28.509933">
   <element name="weed_dried" layername="weed_fresh" frame="0" z_index="2" m_a="0.068959" m_b="0.402934" m_c="-0.391280" m_d="0.066964" m_tx="76.390007" m_ty="-145.984421"/>
  </frame>
  <frame idx="800" w="259" h="291" x="-4.190353" y="-28.509933">
   <element name="weed_dried" layername="weed_fresh" frame="0" z_index="2" m_a="0.068959" m_b="0.402934" m_c="-0.391280" m_d="0.066964" m_tx="76.390007" m_ty="-145.984421"/>
  </frame>
  <frame idx="825" w="259" h="291" x="-4.190353" y="-28.509933">
   <element name="weed_dried" layername="weed_fresh" frame="0" z_index="2" m_a="0.068959" m_b="0.402934" m_c="-0.391280" m_d="0.066964" m_tx="76.390007" m_ty="-145.984421"/>
  </frame>
  <frame idx="850" w="259" h="291" x="-4.190353" y="-28.509933">
   <element name="weed_dried" layername="weed_fresh" frame="0" z_index="2" m_a="0.068959" m_b="0.402934" m_c="-0.391280" m_d="0.066964" m_tx="76.390007" m_ty="-145.984421"/>
  </frame>
  <frame idx="875" w="259" h="291" x="-4.190353" y="-28.509933">
   <element name="weed_dried" layername="weed_fresh" frame="0" z_index="2" m_a="0.068959" m_b="0.402934" m_c="-0.391280" m_d="0.066964" m_tx="76.390007" m_ty="-145.984421"/>
  </frame>
  <frame idx="900" w="259" h="291" x="-4.190353" y="-28.509933">
   <element name="weed_dried" layername="weed_fresh" frame="0" z_index="2" m_a="0.068959" m_b="0.402934" m_c="-0.391280" m_d="0.066964" m_tx="76.390007" m_ty="-145.984421"/>
  </frame>
  <frame idx="925" w="259" h="291" x="-4.190353" y="-28.509933">
   <element name="weed_dried" layername="weed_fresh" frame="0" z_index="2" m_a="0.068959" m_b="0.402934" m_c="-0.391280" m_d="0.066964" m_tx="76.390007" m_ty="-145.984421"/>
  </frame>
  <frame idx="950" w="259" h="291" x="-4.190353" y="-28.509933">
   <element name="weed_dried" layername="weed_fresh" frame="0" z_index="2" m_a="0.068959" m_b="0.402934" m_c="-0.391280" m_d="0.066964" m_tx="76.390007" m_ty="-145.984421"/>
  </frame>
  <frame idx="975" w="259" h="291" x="-4.190353" y="-28.509933">
   <element name="weed_dried" layername="weed_fresh" frame="0" z_index="2" m_a="0.068959" m_b="0.402934" m_c="-0.391280" m_d="0.066964" m_tx="76.390007" m_ty="-145.984421"/>
  </frame>
 </anim>
</Anims>
