<Anims>
 <anim name="idle_fresh" root="weed" numframes="1000" framerate="40">
  <frame idx="0" w="747" h="1370" x="35.077751" y="-455.813019">
   <element name="weed_fresh" layername="timeline_0" frame="0" z_index="2" m_a="1.000000" m_b="0.000000" m_c="0.000000" m_d="1.000000" m_tx="-102.777779" m_ty="-61.111111"/>
  </frame>
  <frame idx="25" w="747" h="1370" x="35.077751" y="-455.813019">
   <element name="weed_fresh" layername="timeline_0" frame="0" z_index="2" m_a="1.000000" m_b="0.000000" m_c="0.000000" m_d="1.000000" m_tx="-102.777779" m_ty="-61.111111"/>
  </frame>
  <frame idx="50" w="747" h="1370" x="35.077751" y="-455.813019">
   <element name="weed_fresh" layername="timeline_0" frame="0" z_index="2" m_a="1.000000" m_b="0.000000" m_c="0.000000" m_d="1.000000" m_tx="-102.777779" m_ty="-61.111111"/>
  </frame>
  <frame idx="75" w="747" h="1370" x="35.077751" y="-455.813019">
   <element name="weed_fresh" layername="timeline_0" frame="0" z_index="2" m_a="1.000000" m_b="0.000000" m_c="0.000000" m_d="1.000000" m_tx="-102.777779" m_ty="-61.111111"/>
  </frame>
  <frame idx="100" w="747" h="1370" x="35.077751" y="-455.813019">
   <element name="weed_fresh" layername="timeline_0" frame="0" z_index="2" m_a="1.000000" m_b="0.000000" m_c="0.000000" m_d="1.000000" m_tx="-102.777779" m_ty="-61.111111"/>
  </frame>
  <frame idx="125" w="747" h="1370" x="35.077751" y="-455.813019">
   <element name="weed_fresh" layername="timeline_0" frame="0" z_index="2" m_a="1.000000" m_b="0.000000" m_c="0.000000" m_d="1.000000" m_tx="-102.777779" m_ty="-61.111111"/>
  </frame>
  <frame idx="150" w="747" h="1370" x="35.077751" y="-455.813019">
   <element name="weed_fresh" layername="timeline_0" frame="0" z_index="2" m_a="1.000000" m_b="0.000000" m_c="0.000000" m_d="1.000000" m_tx="-102.777779" m_ty="-61.111111"/>
  </frame>
  <frame idx="175" w="747" h="1370" x="35.077751" y="-455.813019">
   <element name="weed_fresh" layername="timeline_0" frame="0" z_index="2" m_a="1.000000" m_b="0.000000" m_c="0.000000" m_d="1.000000" m_tx="-102.777779" m_ty="-61.111111"/>
  </frame>
  <frame idx="200" w="747" h="1370" x="35.077751" y="-455.813019">
   <element name="weed_fresh" layername="timeline_0" frame="0" z_index="2" m_a="1.000000" m_b="0.000000" m_c="0.000000" m_d="1.000000" m_tx="-102.777779" m_ty="-61.111111"/>
  </frame>
  <frame idx="225" w="747" h="1370" x="35.077751" y="-455.813019">
   <element name="weed_fresh" layername="timeline_0" frame="0" z_index="2" m_a="1.000000" m_b="0.000000" m_c="0.000000" m_d="1.000000" m_tx="-102.777779" m_ty="-61.111111"/>
  </frame>
  <frame idx="250" w="747" h="1370" x="35.077751" y="-455.813019">
   <element name="weed_fresh" layername="timeline_0" frame="0" z_index="2" m_a="1.000000" m_b="0.000000" m_c="0.000000" m_d="1.000000" m_tx="-102.777779" m_ty="-61.111111"/>
  </frame>
  <frame idx="275" w="747" h="1370" x="35.077751" y="-455.813019">
   <element name="weed_fresh" layername="timeline_0" frame="0" z_index="2" m_a="1.000000" m_b="0.000000" m_c="0.000000" m_d="1.000000" m_tx="-102.777779" m_ty="-61.111111"/>
  </frame>
  <frame idx="300" w="747" h="1370" x="35.077751" y="-455.813019">
   <element name="weed_fresh" layername="timeline_0" frame="0" z_index="2" m_a="1.000000" m_b="0.000000" m_c="0.000000" m_d="1.000000" m_tx="-102.777779" m_ty="-61.111111"/>
  </frame>
  <frame idx="325" w="747" h="1370" x="35.077751" y="-455.813019">
   <element name="weed_fresh" layername="timeline_0" frame="0" z_index="2" m_a="1.000000" m_b="0.000000" m_c="0.000000" m_d="1.000000" m_tx="-102.777779" m_ty="-61.111111"/>
  </frame>
  <frame idx="350" w="747" h="1370" x="35.077751" y="-455.813019">
   <element name="weed_fresh" layername="timeline_0" frame="0" z_index="2" m_a="1.000000" m_b="0.000000" m_c="0.000000" m_d="1.000000" m_tx="-102.777779" m_ty="-61.111111"/>
  </frame>
  <frame idx="375" w="747" h="1370" x="35.077751" y="-455.813019">
   <element name="weed_fresh" layername="timeline_0" frame="0" z_index="2" m_a="1.000000" m_b="0.000000" m_c="0.000000" m_d="1.000000" m_tx="-102.777779" m_ty="-61.111111"/>
  </frame>
  <frame idx="400" w="747" h="1370" x="35.077751" y="-455.813019">
   <element name="weed_fresh" layername="timeline_0" frame="0" z_index="2" m_a="1.000000" m_b="0.000000" m_c="0.000000" m_d="1.000000" m_tx="-102.777779" m_ty="-61.111111"/>
  </frame>
  <frame idx="425" w="747" h="1370" x="35.077751" y="-455.813019">
   <element name="weed_fresh" layername="timeline_0" frame="0" z_index="2" m_a="1.000000" m_b="0.000000" m_c="0.000000" m_d="1.000000" m_tx="-102.777779" m_ty="-61.111111"/>
  </frame>
  <frame idx="450" w="747" h="1370" x="35.077751" y="-455.813019">
   <element name="weed_fresh" layername="timeline_0" frame="0" z_index="2" m_a="1.000000" m_b="0.000000" m_c="0.000000" m_d="1.000000" m_tx="-102.777779" m_ty="-61.111111"/>
  </frame>
  <frame idx="475" w="747" h="1370" x="35.077751" y="-455.813019">
   <element name="weed_fresh" layername="timeline_0" frame="0" z_index="2" m_a="1.000000" m_b="0.000000" m_c="0.000000" m_d="1.000000" m_tx="-102.777779" m_ty="-61.111111"/>
  </frame>
  <frame idx="500" w="747" h="1370" x="35.077751" y="-455.813019">
   <element name="weed_fresh" layername="timeline_0" frame="0" z_index="2" m_a="1.000000" m_b="0.000000" m_c="0.000000" m_d="1.000000" m_tx="-102.777779" m_ty="-61.111111"/>
  </frame>
  <frame idx="525" w="747" h="1370" x="35.077751" y="-455.813019">
   <element name="weed_fresh" layername="timeline_0" frame="0" z_index="2" m_a="1.000000" m_b="0.000000" m_c="0.000000" m_d="1.000000" m_tx="-102.777779" m_ty="-61.111111"/>
  </frame>
  <frame idx="550" w="747" h="1370" x="35.077751" y="-455.813019">
   <element name="weed_fresh" layername="timeline_0" frame="0" z_index="2" m_a="1.000000" m_b="0.000000" m_c="0.000000" m_d="1.000000" m_tx="-102.777779" m_ty="-61.111111"/>
  </frame>
  <frame idx="575" w="747" h="1370" x="35.077751" y="-455.813019">
   <element name="weed_fresh" layername="timeline_0" frame="0" z_index="2" m_a="1.000000" m_b="0.000000" m_c="0.000000" m_d="1.000000" m_tx="-102.777779" m_ty="-61.111111"/>
  </frame>
  <frame idx="600" w="747" h="1370" x="35.077751" y="-455.813019">
   <element name="weed_fresh" layername="timeline_0" frame="0" z_index="2" m_a="1.000000" m_b="0.000000" m_c="0.000000" m_d="1.000000" m_tx="-102.777779" m_ty="-61.111111"/>
  </frame>
  <frame idx="625" w="747" h="1370" x="35.077751" y="-455.813019">
   <element name="weed_fresh" layername="timeline_0" frame="0" z_index="2" m_a="1.000000" m_b="0.000000" m_c="0.000000" m_d="1.000000" m_tx="-102.777779" m_ty="-61.111111"/>
  </frame>
  <frame idx="650" w="747" h="1370" x="35.077751" y="-455.813019">
   <element name="weed_fresh" layername="timeline_0" frame="0" z_index="2" m_a="1.000000" m_b="0.000000" m_c="0.000000" m_d="1.000000" m_tx="-102.777779" m_ty="-61.111111"/>
  </frame>
  <frame idx="675" w="747" h="1370" x="35.077751" y="-455.813019">
   <element name="weed_fresh" layername="timeline_0" frame="0" z_index="2" m_a="1.000000" m_b="0.000000" m_c="0.000000" m_d="1.000000" m_tx="-102.777779" m_ty="-61.111111"/>
  </frame>
  <frame idx="700" w="747" h="1370" x="35.077751" y="-455.813019">
   <element name="weed_fresh" layername="timeline_0" frame="0" z_index="2" m_a="1.000000" m_b="0.000000" m_c="0.000000" m_d="1.000000" m_tx="-102.777779" m_ty="-61.111111"/>
  </frame>
  <frame idx="725" w="747" h="1370" x="35.077751" y="-455.813019">
   <element name="weed_fresh" layername="timeline_0" frame="0" z_index="2" m_a="1.000000" m_b="0.000000" m_c="0.000000" m_d="1.000000" m_tx="-102.777779" m_ty="-61.111111"/>
  </frame>
  <frame idx="750" w="747" h="1370" x="35.077751" y="-455.813019">
   <element name="weed_fresh" layername="timeline_0" frame="0" z_index="2" m_a="1.000000" m_b="0.000000" m_c="0.000000" m_d="1.000000" m_tx="-102.777779" m_ty="-61.111111"/>
  </frame>
  <frame idx="775" w="747" h="1370" x="35.077751" y="-455.813019">
   <element name="weed_fresh" layername="timeline_0" frame="0" z_index="2" m_a="1.000000" m_b="0.000000" m_c="0.000000" m_d="1.000000" m_tx="-102.777779" m_ty="-61.111111"/>
  </frame>
  <frame idx="800" w="747" h="1370" x="35.077751" y="-455.813019">
   <element name="weed_fresh" layername="timeline_0" frame="0" z_index="2" m_a="1.000000" m_b="0.000000" m_c="0.000000" m_d="1.000000" m_tx="-102.777779" m_ty="-61.111111"/>
  </frame>
  <frame idx="825" w="747" h="1370" x="35.077751" y="-455.813019">
   <element name="weed_fresh" layername="timeline_0" frame="0" z_index="2" m_a="1.000000" m_b="0.000000" m_c="0.000000" m_d="1.000000" m_tx="-102.777779" m_ty="-61.111111"/>
  </frame>
  <frame idx="850" w="747" h="1370" x="35.077751" y="-455.813019">
   <element name="weed_fresh" layername="timeline_0" frame="0" z_index="2" m_a="1.000000" m_b="0.000000" m_c="0.000000" m_d="1.000000" m_tx="-102.777779" m_ty="-61.111111"/>
  </frame>
  <frame idx="875" w="747" h="1370" x="35.077751" y="-455.813019">
   <element name="weed_fresh" layername="timeline_0" frame="0" z_index="2" m_a="1.000000" m_b="0.000000" m_c="0.000000" m_d="1.000000" m_tx="-102.777779" m_ty="-61.111111"/>
  </frame>
  <frame idx="900" w="747" h="1370" x="35.077751" y="-455.813019">
   <element name="weed_fresh" layername="timeline_0" frame="0" z_index="2" m_a="1.000000" m_b="0.000000" m_c="0.000000" m_d="1.000000" m_tx="-102.777779" m_ty="-61.111111"/>
  </frame>
  <frame idx="925" w="747" h="1370" x="35.077751" y="-455.813019">
   <element name="weed_fresh" layername="timeline_0" frame="0" z_index="2" m_a="1.000000" m_b="0.000000" m_c="0.000000" m_d="1.000000" m_tx="-102.777779" m_ty="-61.111111"/>
  </frame>
  <frame idx="950" w="747" h="1370" x="35.077751" y="-455.813019">
   <element name="weed_fresh" layername="timeline_0" frame="0" z_index="2" m_a="1.000000" m_b="0.000000" m_c="0.000000" m_d="1.000000" m_tx="-102.777779" m_ty="-61.111111"/>
  </frame>
  <frame idx="975" w="747" h="1370" x="35.077751" y="-455.813019">
   <element name="weed_fresh" layername="timeline_0" frame="0" z_index="2" m_a="1.000000" m_b="0.000000" m_c="0.000000" m_d="1.000000" m_tx="-102.777779" m_ty="-61.111111"/>
  </frame>
 </anim>
 <anim name="idle_dried" root="weed" numframes="1000" framerate="40">
  <frame idx="0" w="747" h="1334" x="0.960785" y="-456.160034">
   <element name="weed_dried" layername="timeline_0" frame="0" z_index="2" m_a="1.000000" m_b="0.000000" m_c="0.000000" m_d="1.000000" m_tx="-138.888885" m_ty="-69.444443"/>
  </frame>
  <frame idx="25" w="747" h="1334" x="0.960785" y="-456.160034">
   <element name="weed_dried" layername="timeline_0" frame="0" z_index="2" m_a="1.000000" m_b="0.000000" m_c="0.000000" m_d="1.000000" m_tx="-138.888885" m_ty="-69.444443"/>
  </frame>
  <frame idx="50" w="747" h="1334" x="0.960785" y="-456.160034">
   <element name="weed_dried" layername="timeline_0" frame="0" z_index="2" m_a="1.000000" m_b="0.000000" m_c="0.000000" m_d="1.000000" m_tx="-138.888885" m_ty="-69.444443"/>
  </frame>
  <frame idx="75" w="747" h="1334" x="0.960785" y="-456.160034">
   <element name="weed_dried" layername="timeline_0" frame="0" z_index="2" m_a="1.000000" m_b="0.000000" m_c="0.000000" m_d="1.000000" m_tx="-138.888885" m_ty="-69.444443"/>
  </frame>
  <frame idx="100" w="747" h="1334" x="0.960785" y="-456.160034">
   <element name="weed_dried" layername="timeline_0" frame="0" z_index="2" m_a="1.000000" m_b="0.000000" m_c="0.000000" m_d="1.000000" m_tx="-138.888885" m_ty="-69.444443"/>
  </frame>
  <frame idx="125" w="747" h="1334" x="0.960785" y="-456.160034">
   <element name="weed_dried" layername="timeline_0" frame="0" z_index="2" m_a="1.000000" m_b="0.000000" m_c="0.000000" m_d="1.000000" m_tx="-138.888885" m_ty="-69.444443"/>
  </frame>
  <frame idx="150" w="747" h="1334" x="0.960785" y="-456.160034">
   <element name="weed_dried" layername="timeline_0" frame="0" z_index="2" m_a="1.000000" m_b="0.000000" m_c="0.000000" m_d="1.000000" m_tx="-138.888885" m_ty="-69.444443"/>
  </frame>
  <frame idx="175" w="747" h="1334" x="0.960785" y="-456.160034">
   <element name="weed_dried" layername="timeline_0" frame="0" z_index="2" m_a="1.000000" m_b="0.000000" m_c="0.000000" m_d="1.000000" m_tx="-138.888885" m_ty="-69.444443"/>
  </frame>
  <frame idx="200" w="747" h="1334" x="0.960785" y="-456.160034">
   <element name="weed_dried" layername="timeline_0" frame="0" z_index="2" m_a="1.000000" m_b="0.000000" m_c="0.000000" m_d="1.000000" m_tx="-138.888885" m_ty="-69.444443"/>
  </frame>
  <frame idx="225" w="747" h="1334" x="0.960785" y="-456.160034">
   <element name="weed_dried" layername="timeline_0" frame="0" z_index="2" m_a="1.000000" m_b="0.000000" m_c="0.000000" m_d="1.000000" m_tx="-138.888885" m_ty="-69.444443"/>
  </frame>
  <frame idx="250" w="747" h="1334" x="0.960785" y="-456.160034">
   <element name="weed_dried" layername="timeline_0" frame="0" z_index="2" m_a="1.000000" m_b="0.000000" m_c="0.000000" m_d="1.000000" m_tx="-138.888885" m_ty="-69.444443"/>
  </frame>
  <frame idx="275" w="747" h="1334" x="0.960785" y="-456.160034">
   <element name="weed_dried" layername="timeline_0" frame="0" z_index="2" m_a="1.000000" m_b="0.000000" m_c="0.000000" m_d="1.000000" m_tx="-138.888885" m_ty="-69.444443"/>
  </frame>
  <frame idx="300" w="747" h="1334" x="0.960785" y="-456.160034">
   <element name="weed_dried" layername="timeline_0" frame="0" z_index="2" m_a="1.000000" m_b="0.000000" m_c="0.000000" m_d="1.000000" m_tx="-138.888885" m_ty="-69.444443"/>
  </frame>
  <frame idx="325" w="747" h="1334" x="0.960785" y="-456.160034">
   <element name="weed_dried" layername="timeline_0" frame="0" z_index="2" m_a="1.000000" m_b="0.000000" m_c="0.000000" m_d="1.000000" m_tx="-138.888885" m_ty="-69.444443"/>
  </frame>
  <frame idx="350" w="747" h="1334" x="0.960785" y="-456.160034">
   <element name="weed_dried" layername="timeline_0" frame="0" z_index="2" m_a="1.000000" m_b="0.000000" m_c="0.000000" m_d="1.000000" m_tx="-138.888885" m_ty="-69.444443"/>
  </frame>
  <frame idx="375" w="747" h="1334" x="0.960785" y="-456.160034">
   <element name="weed_dried" layername="timeline_0" frame="0" z_index="2" m_a="1.000000" m_b="0.000000" m_c="0.000000" m_d="1.000000" m_tx="-138.888885" m_ty="-69.444443"/>
  </frame>
  <frame idx="400" w="747" h="1334" x="0.960785" y="-456.160034">
   <element name="weed_dried" layername="timeline_0" frame="0" z_index="2" m_a="1.000000" m_b="0.000000" m_c="0.000000" m_d="1.000000" m_tx="-138.888885" m_ty="-69.444443"/>
  </frame>
  <frame idx="425" w="747" h="1334" x="0.960785" y="-456.160034">
   <element name="weed_dried" layername="timeline_0" frame="0" z_index="2" m_a="1.000000" m_b="0.000000" m_c="0.000000" m_d="1.000000" m_tx="-138.888885" m_ty="-69.444443"/>
  </frame>
  <frame idx="450" w="747" h="1334" x="0.960785" y="-456.160034">
   <element name="weed_dried" layername="timeline_0" frame="0" z_index="2" m_a="1.000000" m_b="0.000000" m_c="0.000000" m_d="1.000000" m_tx="-138.888885" m_ty="-69.444443"/>
  </frame>
  <frame idx="475" w="747" h="1334" x="0.960785" y="-456.160034">
   <element name="weed_dried" layername="timeline_0" frame="0" z_index="2" m_a="1.000000" m_b="0.000000" m_c="0.000000" m_d="1.000000" m_tx="-138.888885" m_ty="-69.444443"/>
  </frame>
  <frame idx="500" w="747" h="1334" x="0.960785" y="-456.160034">
   <element name="weed_dried" layername="timeline_0" frame="0" z_index="2" m_a="1.000000" m_b="0.000000" m_c="0.000000" m_d="1.000000" m_tx="-138.888885" m_ty="-69.444443"/>
  </frame>
  <frame idx="525" w="747" h="1334" x="0.960785" y="-456.160034">
   <element name="weed_dried" layername="timeline_0" frame="0" z_index="2" m_a="1.000000" m_b="0.000000" m_c="0.000000" m_d="1.000000" m_tx="-138.888885" m_ty="-69.444443"/>
  </frame>
  <frame idx="550" w="747" h="1334" x="0.960785" y="-456.160034">
   <element name="weed_dried" layername="timeline_0" frame="0" z_index="2" m_a="1.000000" m_b="0.000000" m_c="0.000000" m_d="1.000000" m_tx="-138.888885" m_ty="-69.444443"/>
  </frame>
  <frame idx="575" w="747" h="1334" x="0.960785" y="-456.160034">
   <element name="weed_dried" layername="timeline_0" frame="0" z_index="2" m_a="1.000000" m_b="0.000000" m_c="0.000000" m_d="1.000000" m_tx="-138.888885" m_ty="-69.444443"/>
  </frame>
  <frame idx="600" w="747" h="1334" x="0.960785" y="-456.160034">
   <element name="weed_dried" layername="timeline_0" frame="0" z_index="2" m_a="1.000000" m_b="0.000000" m_c="0.000000" m_d="1.000000" m_tx="-138.888885" m_ty="-69.444443"/>
  </frame>
  <frame idx="625" w="747" h="1334" x="0.960785" y="-456.160034">
   <element name="weed_dried" layername="timeline_0" frame="0" z_index="2" m_a="1.000000" m_b="0.000000" m_c="0.000000" m_d="1.000000" m_tx="-138.888885" m_ty="-69.444443"/>
  </frame>
  <frame idx="650" w="747" h="1334" x="0.960785" y="-456.160034">
   <element name="weed_dried" layername="timeline_0" frame="0" z_index="2" m_a="1.000000" m_b="0.000000" m_c="0.000000" m_d="1.000000" m_tx="-138.888885" m_ty="-69.444443"/>
  </frame>
  <frame idx="675" w="747" h="1334" x="0.960785" y="-456.160034">
   <element name="weed_dried" layername="timeline_0" frame="0" z_index="2" m_a="1.000000" m_b="0.000000" m_c="0.000000" m_d="1.000000" m_tx="-138.888885" m_ty="-69.444443"/>
  </frame>
  <frame idx="700" w="747" h="1334" x="0.960785" y="-456.160034">
   <element name="weed_dried" layername="timeline_0" frame="0" z_index="2" m_a="1.000000" m_b="0.000000" m_c="0.000000" m_d="1.000000" m_tx="-138.888885" m_ty="-69.444443"/>
  </frame>
  <frame idx="725" w="747" h="1334" x="0.960785" y="-456.160034">
   <element name="weed_dried" layername="timeline_0" frame="0" z_index="2" m_a="1.000000" m_b="0.000000" m_c="0.000000" m_d="1.000000" m_tx="-138.888885" m_ty="-69.444443"/>
  </frame>
  <frame idx="750" w="747" h="1334" x="0.960785" y="-456.160034">
   <element name="weed_dried" layername="timeline_0" frame="0" z_index="2" m_a="1.000000" m_b="0.000000" m_c="0.000000" m_d="1.000000" m_tx="-138.888885" m_ty="-69.444443"/>
  </frame>
  <frame idx="775" w="747" h="1334" x="0.960785" y="-456.160034">
   <element name="weed_dried" layername="timeline_0" frame="0" z_index="2" m_a="1.000000" m_b="0.000000" m_c="0.000000" m_d="1.000000" m_tx="-138.888885" m_ty="-69.444443"/>
  </frame>
  <frame idx="800" w="747" h="1334" x="0.960785" y="-456.160034">
   <element name="weed_dried" layername="timeline_0" frame="0" z_index="2" m_a="1.000000" m_b="0.000000" m_c="0.000000" m_d="1.000000" m_tx="-138.888885" m_ty="-69.444443"/>
  </frame>
  <frame idx="825" w="747" h="1334" x="0.960785" y="-456.160034">
   <element name="weed_dried" layername="timeline_0" frame="0" z_index="2" m_a="1.000000" m_b="0.000000" m_c="0.000000" m_d="1.000000" m_tx="-138.888885" m_ty="-69.444443"/>
  </frame>
  <frame idx="850" w="747" h="1334" x="0.960785" y="-456.160034">
   <element name="weed_dried" layername="timeline_0" frame="0" z_index="2" m_a="1.000000" m_b="0.000000" m_c="0.000000" m_d="1.000000" m_tx="-138.888885" m_ty="-69.444443"/>
  </frame>
  <frame idx="875" w="747" h="1334" x="0.960785" y="-456.160034">
   <element name="weed_dried" layername="timeline_0" frame="0" z_index="2" m_a="1.000000" m_b="0.000000" m_c="0.000000" m_d="1.000000" m_tx="-138.888885" m_ty="-69.444443"/>
  </frame>
  <frame idx="900" w="747" h="1334" x="0.960785" y="-456.160034">
   <element name="weed_dried" layername="timeline_0" frame="0" z_index="2" m_a="1.000000" m_b="0.000000" m_c="0.000000" m_d="1.000000" m_tx="-138.888885" m_ty="-69.444443"/>
  </frame>
  <frame idx="925" w="747" h="1334" x="0.960785" y="-456.160034">
   <element name="weed_dried" layername="timeline_0" frame="0" z_index="2" m_a="1.000000" m_b="0.000000" m_c="0.000000" m_d="1.000000" m_tx="-138.888885" m_ty="-69.444443"/>
  </frame>
  <frame idx="950" w="747" h="1334" x="0.960785" y="-456.160034">
   <element name="weed_dried" layername="timeline_0" frame="0" z_index="2" m_a="1.000000" m_b="0.000000" m_c="0.000000" m_d="1.000000" m_tx="-138.888885" m_ty="-69.444443"/>
  </frame>
  <frame idx="975" w="747" h="1334" x="0.960785" y="-456.160034">
   <element name="weed_dried" layername="timeline_0" frame="0" z_index="2" m_a="1.000000" m_b="0.000000" m_c="0.000000" m_d="1.000000" m_tx="-138.888885" m_ty="-69.444443"/>
  </frame>
 </anim>
</Anims>
