<Anims>
 <anim name="idle_loop" root="entity_000" numframes="1000" framerate="40">
  <frame idx="0" w="134" h="267" x="-124.383629" y="-56.121700">
   <element name="symbol0" layername="timeline_0" frame="0" z_index="1" m_a="0.068046" m_b="0.235135" m_c="-0.217942" m_d="0.063071" m_tx="53.122391" m_ty="-128.886551"/>
  </frame>
  <frame idx="25" w="134" h="267" x="-124.382462" y="-56.125732">
   <element name="symbol0" layername="timeline_0" frame="0" z_index="1" m_a="0.068050" m_b="0.235148" m_c="-0.217942" m_d="0.063071" m_tx="53.120056" m_ty="-128.894623"/>
  </frame>
  <frame idx="50" w="134" h="267" x="-124.381294" y="-56.129765">
   <element name="symbol0" layername="timeline_0" frame="0" z_index="1" m_a="0.068054" m_b="0.235161" m_c="-0.217942" m_d="0.063071" m_tx="53.117718" m_ty="-128.902695"/>
  </frame>
  <frame idx="75" w="134" h="267" x="-124.380119" y="-56.133801">
   <element name="symbol0" layername="timeline_0" frame="0" z_index="1" m_a="0.068058" m_b="0.235174" m_c="-0.217942" m_d="0.063071" m_tx="53.115383" m_ty="-128.910767"/>
  </frame>
  <frame idx="100" w="134" h="267" x="-124.378952" y="-56.137829">
   <element name="symbol0" layername="timeline_0" frame="0" z_index="1" m_a="0.068061" m_b="0.235187" m_c="-0.217942" m_d="0.063071" m_tx="53.113045" m_ty="-128.918839"/>
  </frame>
  <frame idx="125" w="134" h="267" x="-124.377785" y="-56.141861">
   <element name="symbol0" layername="timeline_0" frame="0" z_index="1" m_a="0.068065" m_b="0.235200" m_c="-0.217942" m_d="0.063071" m_tx="53.110710" m_ty="-128.926910"/>
  </frame>
  <frame idx="150" w="134" h="268" x="-124.376602" y="-56.145908">
   <element name="symbol0" layername="timeline_0" frame="0" z_index="1" m_a="0.068069" m_b="0.235213" m_c="-0.217942" m_d="0.063071" m_tx="53.108376" m_ty="-128.934998"/>
  </frame>
  <frame idx="175" w="134" h="268" x="-124.375435" y="-56.149940">
   <element name="symbol0" layername="timeline_0" frame="0" z_index="1" m_a="0.068073" m_b="0.235226" m_c="-0.217942" m_d="0.063071" m_tx="53.106037" m_ty="-128.943069"/>
  </frame>
  <frame idx="200" w="134" h="268" x="-124.374268" y="-56.153973">
   <element name="symbol0" layername="timeline_0" frame="0" z_index="1" m_a="0.068076" m_b="0.235239" m_c="-0.217942" m_d="0.063071" m_tx="53.103703" m_ty="-128.951141"/>
  </frame>
  <frame idx="225" w="134" h="268" x="-124.373093" y="-56.158005">
   <element name="symbol0" layername="timeline_0" frame="0" z_index="1" m_a="0.068080" m_b="0.235252" m_c="-0.217942" m_d="0.063071" m_tx="53.101364" m_ty="-128.959213"/>
  </frame>
  <frame idx="250" w="134" h="268" x="-124.371925" y="-56.162033">
   <element name="symbol0" layername="timeline_0" frame="0" z_index="1" m_a="0.068084" m_b="0.235265" m_c="-0.217942" m_d="0.063071" m_tx="53.099030" m_ty="-128.967285"/>
  </frame>
  <frame idx="275" w="134" h="268" x="-124.370750" y="-56.166069">
   <element name="symbol0" layername="timeline_0" frame="0" z_index="1" m_a="0.068088" m_b="0.235278" m_c="-0.217942" m_d="0.063071" m_tx="53.096695" m_ty="-128.975357"/>
  </frame>
  <frame idx="300" w="134" h="268" x="-124.369576" y="-56.170101">
   <element name="symbol0" layername="timeline_0" frame="0" z_index="1" m_a="0.068091" m_b="0.235291" m_c="-0.217942" m_d="0.063071" m_tx="53.094357" m_ty="-128.983429"/>
  </frame>
  <frame idx="325" w="134" h="268" x="-124.368408" y="-56.174137">
   <element name="symbol0" layername="timeline_0" frame="0" z_index="1" m_a="0.068095" m_b="0.235304" m_c="-0.217942" m_d="0.063071" m_tx="53.092022" m_ty="-128.991501"/>
  </frame>
  <frame idx="350" w="134" h="268" x="-124.367233" y="-56.178162">
   <element name="symbol0" layername="timeline_0" frame="0" z_index="1" m_a="0.068099" m_b="0.235317" m_c="-0.217942" m_d="0.063071" m_tx="53.089684" m_ty="-128.999573"/>
  </frame>
  <frame idx="375" w="134" h="268" x="-124.366066" y="-56.182198">
   <element name="symbol0" layername="timeline_0" frame="0" z_index="1" m_a="0.068103" m_b="0.235330" m_c="-0.217942" m_d="0.063071" m_tx="53.087349" m_ty="-129.007645"/>
  </frame>
  <frame idx="400" w="134" h="268" x="-124.364891" y="-56.186230">
   <element name="symbol0" layername="timeline_0" frame="0" z_index="1" m_a="0.068107" m_b="0.235343" m_c="-0.217942" m_d="0.063071" m_tx="53.085011" m_ty="-129.015717"/>
  </frame>
  <frame idx="425" w="134" h="268" x="-124.363724" y="-56.190281">
   <element name="symbol0" layername="timeline_0" frame="0" z_index="1" m_a="0.068110" m_b="0.235356" m_c="-0.217942" m_d="0.063071" m_tx="53.082676" m_ty="-129.023804"/>
  </frame>
  <frame idx="450" w="134" h="268" x="-124.362549" y="-56.194305">
   <element name="symbol0" layername="timeline_0" frame="0" z_index="1" m_a="0.068114" m_b="0.235369" m_c="-0.217942" m_d="0.063071" m_tx="53.080341" m_ty="-129.031876"/>
  </frame>
  <frame idx="475" w="134" h="268" x="-124.361382" y="-56.198341">
   <element name="symbol0" layername="timeline_0" frame="0" z_index="1" m_a="0.068118" m_b="0.235382" m_c="-0.217942" m_d="0.063071" m_tx="53.078003" m_ty="-129.039948"/>
  </frame>
  <frame idx="500" w="134" h="268" x="-124.360207" y="-56.202374">
   <element name="symbol0" layername="timeline_0" frame="0" z_index="1" m_a="0.068122" m_b="0.235395" m_c="-0.217942" m_d="0.063071" m_tx="53.075668" m_ty="-129.048019"/>
  </frame>
  <frame idx="525" w="134" h="268" x="-124.359039" y="-56.206406">
   <element name="symbol0" layername="timeline_0" frame="0" z_index="1" m_a="0.068125" m_b="0.235408" m_c="-0.217942" m_d="0.063071" m_tx="53.073330" m_ty="-129.056091"/>
  </frame>
  <frame idx="550" w="134" h="268" x="-124.367416" y="-56.207069">
   <element name="symbol0" layername="timeline_0" frame="0" z_index="1" m_a="0.068127" m_b="0.235414" m_c="-0.217971" m_d="0.063079" m_tx="53.093918" m_ty="-129.061707"/>
  </frame>
  <frame idx="575" w="134" h="268" x="-124.386124" y="-56.204075">
   <element name="symbol0" layername="timeline_0" frame="0" z_index="1" m_a="0.068127" m_b="0.235413" m_c="-0.218032" m_d="0.063097" m_tx="53.139339" m_ty="-129.064651"/>
  </frame>
  <frame idx="600" w="134" h="268" x="-124.404823" y="-56.201080">
   <element name="symbol0" layername="timeline_0" frame="0" z_index="1" m_a="0.068127" m_b="0.235413" m_c="-0.218093" m_d="0.063115" m_tx="53.184757" m_ty="-129.067596"/>
  </frame>
  <frame idx="625" w="134" h="268" x="-124.423523" y="-56.198086">
   <element name="symbol0" layername="timeline_0" frame="0" z_index="1" m_a="0.068127" m_b="0.235412" m_c="-0.218154" m_d="0.063132" m_tx="53.230179" m_ty="-129.070541"/>
  </frame>
  <frame idx="650" w="134" h="268" x="-124.442215" y="-56.195091">
   <element name="symbol0" layername="timeline_0" frame="0" z_index="1" m_a="0.068126" m_b="0.235411" m_c="-0.218214" m_d="0.063150" m_tx="53.275597" m_ty="-129.073486"/>
  </frame>
  <frame idx="675" w="134" h="268" x="-124.460915" y="-56.192097">
   <element name="symbol0" layername="timeline_0" frame="0" z_index="1" m_a="0.068126" m_b="0.235410" m_c="-0.218275" m_d="0.063167" m_tx="53.321014" m_ty="-129.076431"/>
  </frame>
  <frame idx="700" w="134" h="268" x="-124.479614" y="-56.189121">
   <element name="symbol0" layername="timeline_0" frame="0" z_index="1" m_a="0.068126" m_b="0.235410" m_c="-0.218336" m_d="0.063185" m_tx="53.366436" m_ty="-129.079391"/>
  </frame>
  <frame idx="725" w="134" h="268" x="-124.498337" y="-56.186127">
   <element name="symbol0" layername="timeline_0" frame="0" z_index="1" m_a="0.068126" m_b="0.235409" m_c="-0.218396" m_d="0.063202" m_tx="53.411854" m_ty="-129.082336"/>
  </frame>
  <frame idx="750" w="134" h="268" x="-124.498901" y="-56.181347">
   <element name="symbol0" layername="timeline_0" frame="0" z_index="1" m_a="0.068121" m_b="0.235393" m_c="-0.218394" m_d="0.063202" m_tx="53.412609" m_ty="-129.072357"/>
  </frame>
  <frame idx="775" w="134" h="268" x="-124.487366" y="-56.175392">
   <element name="symbol0" layername="timeline_0" frame="0" z_index="1" m_a="0.068114" m_b="0.235367" m_c="-0.218348" m_d="0.063188" m_tx="53.383587" m_ty="-129.053787"/>
  </frame>
  <frame idx="800" w="134" h="268" x="-124.475845" y="-56.169415">
   <element name="symbol0" layername="timeline_0" frame="0" z_index="1" m_a="0.068106" m_b="0.235342" m_c="-0.218303" m_d="0.063175" m_tx="53.354565" m_ty="-129.035202"/>
  </frame>
  <frame idx="825" w="134" h="268" x="-124.464317" y="-56.163448">
   <element name="symbol0" layername="timeline_0" frame="0" z_index="1" m_a="0.068099" m_b="0.235316" m_c="-0.218258" m_d="0.063162" m_tx="53.325542" m_ty="-129.016617"/>
  </frame>
  <frame idx="850" w="134" h="268" x="-124.452797" y="-56.157478">
   <element name="symbol0" layername="timeline_0" frame="0" z_index="1" m_a="0.068091" m_b="0.235290" m_c="-0.218213" m_d="0.063149" m_tx="53.296524" m_ty="-128.998032"/>
  </frame>
  <frame idx="875" w="134" h="268" x="-124.441261" y="-56.151527">
   <element name="symbol0" layername="timeline_0" frame="0" z_index="1" m_a="0.068084" m_b="0.235264" m_c="-0.218168" m_d="0.063136" m_tx="53.267502" m_ty="-128.979462"/>
  </frame>
  <frame idx="900" w="134" h="268" x="-124.429733" y="-56.145561">
   <element name="symbol0" layername="timeline_0" frame="0" z_index="1" m_a="0.068076" m_b="0.235238" m_c="-0.218123" m_d="0.063123" m_tx="53.238480" m_ty="-128.960876"/>
  </frame>
  <frame idx="925" w="134" h="268" x="-124.418213" y="-56.139591">
   <element name="symbol0" layername="timeline_0" frame="0" z_index="1" m_a="0.068069" m_b="0.235212" m_c="-0.218078" m_d="0.063110" m_tx="53.209457" m_ty="-128.942291"/>
  </frame>
  <frame idx="950" w="134" h="268" x="-124.406693" y="-56.133621">
   <element name="symbol0" layername="timeline_0" frame="0" z_index="1" m_a="0.068061" m_b="0.235187" m_c="-0.218033" m_d="0.063097" m_tx="53.180435" m_ty="-128.923706"/>
  </frame>
  <frame idx="975" w="134" h="267" x="-124.395164" y="-56.127670">
   <element name="symbol0" layername="timeline_0" frame="0" z_index="1" m_a="0.068054" m_b="0.235161" m_c="-0.217987" m_d="0.063084" m_tx="53.151413" m_ty="-128.905136"/>
  </frame>
 </anim>
</Anims>
