<Anims>
 <anim name="idle_fresh" root="weed" numframes="1000" framerate="40">
  <frame idx="0" w="147" h="169" x="5.642471" y="-23.068573">
   <element name="weed_fresh" layername="weed_fresh" frame="0" z_index="2" m_a="0.254726" m_b="0.967013" m_c="-0.967013" m_d="0.254726" m_tx="48.000000" m_ty="-88.000000"/>
  </frame>
  <frame idx="25" w="147" h="169" x="5.642471" y="-23.068573">
   <element name="weed_fresh" layername="weed_fresh" frame="0" z_index="2" m_a="0.254726" m_b="0.967013" m_c="-0.967013" m_d="0.254726" m_tx="48.000000" m_ty="-88.000000"/>
  </frame>
  <frame idx="50" w="147" h="169" x="5.642471" y="-23.068573">
   <element name="weed_fresh" layername="weed_fresh" frame="0" z_index="2" m_a="0.254726" m_b="0.967013" m_c="-0.967013" m_d="0.254726" m_tx="48.000000" m_ty="-88.000000"/>
  </frame>
  <frame idx="75" w="147" h="169" x="5.642471" y="-23.068573">
   <element name="weed_fresh" layername="weed_fresh" frame="0" z_index="2" m_a="0.254726" m_b="0.967013" m_c="-0.967013" m_d="0.254726" m_tx="48.000000" m_ty="-88.000000"/>
  </frame>
  <frame idx="100" w="147" h="169" x="5.642471" y="-23.068573">
   <element name="weed_fresh" layername="weed_fresh" frame="0" z_index="2" m_a="0.254726" m_b="0.967013" m_c="-0.967013" m_d="0.254726" m_tx="48.000000" m_ty="-88.000000"/>
  </frame>
  <frame idx="125" w="147" h="169" x="5.642471" y="-23.068573">
   <element name="weed_fresh" layername="weed_fresh" frame="0" z_index="2" m_a="0.254726" m_b="0.967013" m_c="-0.967013" m_d="0.254726" m_tx="48.000000" m_ty="-88.000000"/>
  </frame>
  <frame idx="150" w="147" h="169" x="5.642471" y="-23.068573">
   <element name="weed_fresh" layername="weed_fresh" frame="0" z_index="2" m_a="0.254726" m_b="0.967013" m_c="-0.967013" m_d="0.254726" m_tx="48.000000" m_ty="-88.000000"/>
  </frame>
  <frame idx="175" w="147" h="169" x="5.642471" y="-23.068573">
   <element name="weed_fresh" layername="weed_fresh" frame="0" z_index="2" m_a="0.254726" m_b="0.967013" m_c="-0.967013" m_d="0.254726" m_tx="48.000000" m_ty="-88.000000"/>
  </frame>
  <frame idx="200" w="147" h="169" x="5.642471" y="-23.068573">
   <element name="weed_fresh" layername="weed_fresh" frame="0" z_index="2" m_a="0.254726" m_b="0.967013" m_c="-0.967013" m_d="0.254726" m_tx="48.000000" m_ty="-88.000000"/>
  </frame>
  <frame idx="225" w="147" h="169" x="5.642471" y="-23.068573">
   <element name="weed_fresh" layername="weed_fresh" frame="0" z_index="2" m_a="0.254726" m_b="0.967013" m_c="-0.967013" m_d="0.254726" m_tx="48.000000" m_ty="-88.000000"/>
  </frame>
  <frame idx="250" w="147" h="169" x="5.642471" y="-23.068573">
   <element name="weed_fresh" layername="weed_fresh" frame="0" z_index="2" m_a="0.254726" m_b="0.967013" m_c="-0.967013" m_d="0.254726" m_tx="48.000000" m_ty="-88.000000"/>
  </frame>
  <frame idx="275" w="147" h="169" x="5.642471" y="-23.068573">
   <element name="weed_fresh" layername="weed_fresh" frame="0" z_index="2" m_a="0.254726" m_b="0.967013" m_c="-0.967013" m_d="0.254726" m_tx="48.000000" m_ty="-88.000000"/>
  </frame>
  <frame idx="300" w="147" h="169" x="5.642471" y="-23.068573">
   <element name="weed_fresh" layername="weed_fresh" frame="0" z_index="2" m_a="0.254726" m_b="0.967013" m_c="-0.967013" m_d="0.254726" m_tx="48.000000" m_ty="-88.000000"/>
  </frame>
  <frame idx="325" w="147" h="169" x="5.642471" y="-23.068573">
   <element name="weed_fresh" layername="weed_fresh" frame="0" z_index="2" m_a="0.254726" m_b="0.967013" m_c="-0.967013" m_d="0.254726" m_tx="48.000000" m_ty="-88.000000"/>
  </frame>
  <frame idx="350" w="147" h="169" x="5.642471" y="-23.068573">
   <element name="weed_fresh" layername="weed_fresh" frame="0" z_index="2" m_a="0.254726" m_b="0.967013" m_c="-0.967013" m_d="0.254726" m_tx="48.000000" m_ty="-88.000000"/>
  </frame>
  <frame idx="375" w="147" h="169" x="5.642471" y="-23.068573">
   <element name="weed_fresh" layername="weed_fresh" frame="0" z_index="2" m_a="0.254726" m_b="0.967013" m_c="-0.967013" m_d="0.254726" m_tx="48.000000" m_ty="-88.000000"/>
  </frame>
  <frame idx="400" w="147" h="169" x="5.642471" y="-23.068573">
   <element name="weed_fresh" layername="weed_fresh" frame="0" z_index="2" m_a="0.254726" m_b="0.967013" m_c="-0.967013" m_d="0.254726" m_tx="48.000000" m_ty="-88.000000"/>
  </frame>
  <frame idx="425" w="147" h="169" x="5.642471" y="-23.068573">
   <element name="weed_fresh" layername="weed_fresh" frame="0" z_index="2" m_a="0.254726" m_b="0.967013" m_c="-0.967013" m_d="0.254726" m_tx="48.000000" m_ty="-88.000000"/>
  </frame>
  <frame idx="450" w="147" h="169" x="5.642471" y="-23.068573">
   <element name="weed_fresh" layername="weed_fresh" frame="0" z_index="2" m_a="0.254726" m_b="0.967013" m_c="-0.967013" m_d="0.254726" m_tx="48.000000" m_ty="-88.000000"/>
  </frame>
  <frame idx="475" w="147" h="169" x="5.642471" y="-23.068573">
   <element name="weed_fresh" layername="weed_fresh" frame="0" z_index="2" m_a="0.254726" m_b="0.967013" m_c="-0.967013" m_d="0.254726" m_tx="48.000000" m_ty="-88.000000"/>
  </frame>
  <frame idx="500" w="147" h="169" x="5.642471" y="-23.068573">
   <element name="weed_fresh" layername="weed_fresh" frame="0" z_index="2" m_a="0.254726" m_b="0.967013" m_c="-0.967013" m_d="0.254726" m_tx="48.000000" m_ty="-88.000000"/>
  </frame>
  <frame idx="525" w="147" h="169" x="5.642471" y="-23.068573">
   <element name="weed_fresh" layername="weed_fresh" frame="0" z_index="2" m_a="0.254726" m_b="0.967013" m_c="-0.967013" m_d="0.254726" m_tx="48.000000" m_ty="-88.000000"/>
  </frame>
  <frame idx="550" w="147" h="169" x="5.642471" y="-23.068573">
   <element name="weed_fresh" layername="weed_fresh" frame="0" z_index="2" m_a="0.254726" m_b="0.967013" m_c="-0.967013" m_d="0.254726" m_tx="48.000000" m_ty="-88.000000"/>
  </frame>
  <frame idx="575" w="147" h="169" x="5.642471" y="-23.068573">
   <element name="weed_fresh" layername="weed_fresh" frame="0" z_index="2" m_a="0.254726" m_b="0.967013" m_c="-0.967013" m_d="0.254726" m_tx="48.000000" m_ty="-88.000000"/>
  </frame>
  <frame idx="600" w="147" h="169" x="5.642471" y="-23.068573">
   <element name="weed_fresh" layername="weed_fresh" frame="0" z_index="2" m_a="0.254726" m_b="0.967013" m_c="-0.967013" m_d="0.254726" m_tx="48.000000" m_ty="-88.000000"/>
  </frame>
  <frame idx="625" w="147" h="169" x="5.642471" y="-23.068573">
   <element name="weed_fresh" layername="weed_fresh" frame="0" z_index="2" m_a="0.254726" m_b="0.967013" m_c="-0.967013" m_d="0.254726" m_tx="48.000000" m_ty="-88.000000"/>
  </frame>
  <frame idx="650" w="147" h="169" x="5.642471" y="-23.068573">
   <element name="weed_fresh" layername="weed_fresh" frame="0" z_index="2" m_a="0.254726" m_b="0.967013" m_c="-0.967013" m_d="0.254726" m_tx="48.000000" m_ty="-88.000000"/>
  </frame>
  <frame idx="675" w="147" h="169" x="5.642471" y="-23.068573">
   <element name="weed_fresh" layername="weed_fresh" frame="0" z_index="2" m_a="0.254726" m_b="0.967013" m_c="-0.967013" m_d="0.254726" m_tx="48.000000" m_ty="-88.000000"/>
  </frame>
  <frame idx="700" w="147" h="169" x="5.642471" y="-23.068573">
   <element name="weed_fresh" layername="weed_fresh" frame="0" z_index="2" m_a="0.254726" m_b="0.967013" m_c="-0.967013" m_d="0.254726" m_tx="48.000000" m_ty="-88.000000"/>
  </frame>
  <frame idx="725" w="147" h="169" x="5.642471" y="-23.068573">
   <element name="weed_fresh" layername="weed_fresh" frame="0" z_index="2" m_a="0.254726" m_b="0.967013" m_c="-0.967013" m_d="0.254726" m_tx="48.000000" m_ty="-88.000000"/>
  </frame>
  <frame idx="750" w="147" h="169" x="5.642471" y="-23.068573">
   <element name="weed_fresh" layername="weed_fresh" frame="0" z_index="2" m_a="0.254726" m_b="0.967013" m_c="-0.967013" m_d="0.254726" m_tx="48.000000" m_ty="-88.000000"/>
  </frame>
  <frame idx="775" w="147" h="169" x="5.642471" y="-23.068573">
   <element name="weed_fresh" layername="weed_fresh" frame="0" z_index="2" m_a="0.254726" m_b="0.967013" m_c="-0.967013" m_d="0.254726" m_tx="48.000000" m_ty="-88.000000"/>
  </frame>
  <frame idx="800" w="147" h="169" x="5.642471" y="-23.068573">
   <element name="weed_fresh" layername="weed_fresh" frame="0" z_index="2" m_a="0.254726" m_b="0.967013" m_c="-0.967013" m_d="0.254726" m_tx="48.000000" m_ty="-88.000000"/>
  </frame>
  <frame idx="825" w="147" h="169" x="5.642471" y="-23.068573">
   <element name="weed_fresh" layername="weed_fresh" frame="0" z_index="2" m_a="0.254726" m_b="0.967013" m_c="-0.967013" m_d="0.254726" m_tx="48.000000" m_ty="-88.000000"/>
  </frame>
  <frame idx="850" w="147" h="169" x="5.642471" y="-23.068573">
   <element name="weed_fresh" layername="weed_fresh" frame="0" z_index="2" m_a="0.254726" m_b="0.967013" m_c="-0.967013" m_d="0.254726" m_tx="48.000000" m_ty="-88.000000"/>
  </frame>
  <frame idx="875" w="147" h="169" x="5.642471" y="-23.068573">
   <element name="weed_fresh" layername="weed_fresh" frame="0" z_index="2" m_a="0.254726" m_b="0.967013" m_c="-0.967013" m_d="0.254726" m_tx="48.000000" m_ty="-88.000000"/>
  </frame>
  <frame idx="900" w="147" h="169" x="5.642471" y="-23.068573">
   <element name="weed_fresh" layername="weed_fresh" frame="0" z_index="2" m_a="0.254726" m_b="0.967013" m_c="-0.967013" m_d="0.254726" m_tx="48.000000" m_ty="-88.000000"/>
  </frame>
  <frame idx="925" w="147" h="169" x="5.642471" y="-23.068573">
   <element name="weed_fresh" layername="weed_fresh" frame="0" z_index="2" m_a="0.254726" m_b="0.967013" m_c="-0.967013" m_d="0.254726" m_tx="48.000000" m_ty="-88.000000"/>
  </frame>
  <frame idx="950" w="147" h="169" x="5.642471" y="-23.068573">
   <element name="weed_fresh" layername="weed_fresh" frame="0" z_index="2" m_a="0.254726" m_b="0.967013" m_c="-0.967013" m_d="0.254726" m_tx="48.000000" m_ty="-88.000000"/>
  </frame>
  <frame idx="975" w="147" h="169" x="5.642471" y="-23.068573">
   <element name="weed_fresh" layername="weed_fresh" frame="0" z_index="2" m_a="0.254726" m_b="0.967013" m_c="-0.967013" m_d="0.254726" m_tx="48.000000" m_ty="-88.000000"/>
  </frame>
 </anim>
 <anim name="idle_dried" root="weed" numframes="1000" framerate="40">
  <frame idx="0" w="142" h="167" x="6.820099" y="-23.294533">
   <element name="weed_dried" layername="weed_dried" frame="0" z_index="2" m_a="0.227230" m_b="0.973841" m_c="-0.973841" m_d="0.227230" m_tx="51.000000" m_ty="-87.000000"/>
  </frame>
  <frame idx="25" w="142" h="167" x="6.820099" y="-23.294533">
   <element name="weed_dried" layername="weed_dried" frame="0" z_index="2" m_a="0.227230" m_b="0.973841" m_c="-0.973841" m_d="0.227230" m_tx="51.000000" m_ty="-87.000000"/>
  </frame>
  <frame idx="50" w="142" h="167" x="6.820099" y="-23.294533">
   <element name="weed_dried" layername="weed_dried" frame="0" z_index="2" m_a="0.227230" m_b="0.973841" m_c="-0.973841" m_d="0.227230" m_tx="51.000000" m_ty="-87.000000"/>
  </frame>
  <frame idx="75" w="142" h="167" x="6.820099" y="-23.294533">
   <element name="weed_dried" layername="weed_dried" frame="0" z_index="2" m_a="0.227230" m_b="0.973841" m_c="-0.973841" m_d="0.227230" m_tx="51.000000" m_ty="-87.000000"/>
  </frame>
  <frame idx="100" w="142" h="167" x="6.820099" y="-23.294533">
   <element name="weed_dried" layername="weed_dried" frame="0" z_index="2" m_a="0.227230" m_b="0.973841" m_c="-0.973841" m_d="0.227230" m_tx="51.000000" m_ty="-87.000000"/>
  </frame>
  <frame idx="125" w="142" h="167" x="6.820099" y="-23.294533">
   <element name="weed_dried" layername="weed_dried" frame="0" z_index="2" m_a="0.227230" m_b="0.973841" m_c="-0.973841" m_d="0.227230" m_tx="51.000000" m_ty="-87.000000"/>
  </frame>
  <frame idx="150" w="142" h="167" x="6.820099" y="-23.294533">
   <element name="weed_dried" layername="weed_dried" frame="0" z_index="2" m_a="0.227230" m_b="0.973841" m_c="-0.973841" m_d="0.227230" m_tx="51.000000" m_ty="-87.000000"/>
  </frame>
  <frame idx="175" w="142" h="167" x="6.820099" y="-23.294533">
   <element name="weed_dried" layername="weed_dried" frame="0" z_index="2" m_a="0.227230" m_b="0.973841" m_c="-0.973841" m_d="0.227230" m_tx="51.000000" m_ty="-87.000000"/>
  </frame>
  <frame idx="200" w="142" h="167" x="6.820099" y="-23.294533">
   <element name="weed_dried" layername="weed_dried" frame="0" z_index="2" m_a="0.227230" m_b="0.973841" m_c="-0.973841" m_d="0.227230" m_tx="51.000000" m_ty="-87.000000"/>
  </frame>
  <frame idx="225" w="142" h="167" x="6.820099" y="-23.294533">
   <element name="weed_dried" layername="weed_dried" frame="0" z_index="2" m_a="0.227230" m_b="0.973841" m_c="-0.973841" m_d="0.227230" m_tx="51.000000" m_ty="-87.000000"/>
  </frame>
  <frame idx="250" w="142" h="167" x="6.820099" y="-23.294533">
   <element name="weed_dried" layername="weed_dried" frame="0" z_index="2" m_a="0.227230" m_b="0.973841" m_c="-0.973841" m_d="0.227230" m_tx="51.000000" m_ty="-87.000000"/>
  </frame>
  <frame idx="275" w="142" h="167" x="6.820099" y="-23.294533">
   <element name="weed_dried" layername="weed_dried" frame="0" z_index="2" m_a="0.227230" m_b="0.973841" m_c="-0.973841" m_d="0.227230" m_tx="51.000000" m_ty="-87.000000"/>
  </frame>
  <frame idx="300" w="142" h="167" x="6.820099" y="-23.294533">
   <element name="weed_dried" layername="weed_dried" frame="0" z_index="2" m_a="0.227230" m_b="0.973841" m_c="-0.973841" m_d="0.227230" m_tx="51.000000" m_ty="-87.000000"/>
  </frame>
  <frame idx="325" w="142" h="167" x="6.820099" y="-23.294533">
   <element name="weed_dried" layername="weed_dried" frame="0" z_index="2" m_a="0.227230" m_b="0.973841" m_c="-0.973841" m_d="0.227230" m_tx="51.000000" m_ty="-87.000000"/>
  </frame>
  <frame idx="350" w="142" h="167" x="6.820099" y="-23.294533">
   <element name="weed_dried" layername="weed_dried" frame="0" z_index="2" m_a="0.227230" m_b="0.973841" m_c="-0.973841" m_d="0.227230" m_tx="51.000000" m_ty="-87.000000"/>
  </frame>
  <frame idx="375" w="142" h="167" x="6.820099" y="-23.294533">
   <element name="weed_dried" layername="weed_dried" frame="0" z_index="2" m_a="0.227230" m_b="0.973841" m_c="-0.973841" m_d="0.227230" m_tx="51.000000" m_ty="-87.000000"/>
  </frame>
  <frame idx="400" w="142" h="167" x="6.820099" y="-23.294533">
   <element name="weed_dried" layername="weed_dried" frame="0" z_index="2" m_a="0.227230" m_b="0.973841" m_c="-0.973841" m_d="0.227230" m_tx="51.000000" m_ty="-87.000000"/>
  </frame>
  <frame idx="425" w="142" h="167" x="6.820099" y="-23.294533">
   <element name="weed_dried" layername="weed_dried" frame="0" z_index="2" m_a="0.227230" m_b="0.973841" m_c="-0.973841" m_d="0.227230" m_tx="51.000000" m_ty="-87.000000"/>
  </frame>
  <frame idx="450" w="142" h="167" x="6.820099" y="-23.294533">
   <element name="weed_dried" layername="weed_dried" frame="0" z_index="2" m_a="0.227230" m_b="0.973841" m_c="-0.973841" m_d="0.227230" m_tx="51.000000" m_ty="-87.000000"/>
  </frame>
  <frame idx="475" w="142" h="167" x="6.820099" y="-23.294533">
   <element name="weed_dried" layername="weed_dried" frame="0" z_index="2" m_a="0.227230" m_b="0.973841" m_c="-0.973841" m_d="0.227230" m_tx="51.000000" m_ty="-87.000000"/>
  </frame>
  <frame idx="500" w="142" h="167" x="6.820099" y="-23.294533">
   <element name="weed_dried" layername="weed_dried" frame="0" z_index="2" m_a="0.227230" m_b="0.973841" m_c="-0.973841" m_d="0.227230" m_tx="51.000000" m_ty="-87.000000"/>
  </frame>
  <frame idx="525" w="142" h="167" x="6.820099" y="-23.294533">
   <element name="weed_dried" layername="weed_dried" frame="0" z_index="2" m_a="0.227230" m_b="0.973841" m_c="-0.973841" m_d="0.227230" m_tx="51.000000" m_ty="-87.000000"/>
  </frame>
  <frame idx="550" w="142" h="167" x="6.820099" y="-23.294533">
   <element name="weed_dried" layername="weed_dried" frame="0" z_index="2" m_a="0.227230" m_b="0.973841" m_c="-0.973841" m_d="0.227230" m_tx="51.000000" m_ty="-87.000000"/>
  </frame>
  <frame idx="575" w="142" h="167" x="6.820099" y="-23.294533">
   <element name="weed_dried" layername="weed_dried" frame="0" z_index="2" m_a="0.227230" m_b="0.973841" m_c="-0.973841" m_d="0.227230" m_tx="51.000000" m_ty="-87.000000"/>
  </frame>
  <frame idx="600" w="142" h="167" x="6.820099" y="-23.294533">
   <element name="weed_dried" layername="weed_dried" frame="0" z_index="2" m_a="0.227230" m_b="0.973841" m_c="-0.973841" m_d="0.227230" m_tx="51.000000" m_ty="-87.000000"/>
  </frame>
  <frame idx="625" w="142" h="167" x="6.820099" y="-23.294533">
   <element name="weed_dried" layername="weed_dried" frame="0" z_index="2" m_a="0.227230" m_b="0.973841" m_c="-0.973841" m_d="0.227230" m_tx="51.000000" m_ty="-87.000000"/>
  </frame>
  <frame idx="650" w="142" h="167" x="6.820099" y="-23.294533">
   <element name="weed_dried" layername="weed_dried" frame="0" z_index="2" m_a="0.227230" m_b="0.973841" m_c="-0.973841" m_d="0.227230" m_tx="51.000000" m_ty="-87.000000"/>
  </frame>
  <frame idx="675" w="142" h="167" x="6.820099" y="-23.294533">
   <element name="weed_dried" layername="weed_dried" frame="0" z_index="2" m_a="0.227230" m_b="0.973841" m_c="-0.973841" m_d="0.227230" m_tx="51.000000" m_ty="-87.000000"/>
  </frame>
  <frame idx="700" w="142" h="167" x="6.820099" y="-23.294533">
   <element name="weed_dried" layername="weed_dried" frame="0" z_index="2" m_a="0.227230" m_b="0.973841" m_c="-0.973841" m_d="0.227230" m_tx="51.000000" m_ty="-87.000000"/>
  </frame>
  <frame idx="725" w="142" h="167" x="6.820099" y="-23.294533">
   <element name="weed_dried" layername="weed_dried" frame="0" z_index="2" m_a="0.227230" m_b="0.973841" m_c="-0.973841" m_d="0.227230" m_tx="51.000000" m_ty="-87.000000"/>
  </frame>
  <frame idx="750" w="142" h="167" x="6.820099" y="-23.294533">
   <element name="weed_dried" layername="weed_dried" frame="0" z_index="2" m_a="0.227230" m_b="0.973841" m_c="-0.973841" m_d="0.227230" m_tx="51.000000" m_ty="-87.000000"/>
  </frame>
  <frame idx="775" w="142" h="167" x="6.820099" y="-23.294533">
   <element name="weed_dried" layername="weed_dried" frame="0" z_index="2" m_a="0.227230" m_b="0.973841" m_c="-0.973841" m_d="0.227230" m_tx="51.000000" m_ty="-87.000000"/>
  </frame>
  <frame idx="800" w="142" h="167" x="6.820099" y="-23.294533">
   <element name="weed_dried" layername="weed_dried" frame="0" z_index="2" m_a="0.227230" m_b="0.973841" m_c="-0.973841" m_d="0.227230" m_tx="51.000000" m_ty="-87.000000"/>
  </frame>
  <frame idx="825" w="142" h="167" x="6.820099" y="-23.294533">
   <element name="weed_dried" layername="weed_dried" frame="0" z_index="2" m_a="0.227230" m_b="0.973841" m_c="-0.973841" m_d="0.227230" m_tx="51.000000" m_ty="-87.000000"/>
  </frame>
  <frame idx="850" w="142" h="167" x="6.820099" y="-23.294533">
   <element name="weed_dried" layername="weed_dried" frame="0" z_index="2" m_a="0.227230" m_b="0.973841" m_c="-0.973841" m_d="0.227230" m_tx="51.000000" m_ty="-87.000000"/>
  </frame>
  <frame idx="875" w="142" h="167" x="6.820099" y="-23.294533">
   <element name="weed_dried" layername="weed_dried" frame="0" z_index="2" m_a="0.227230" m_b="0.973841" m_c="-0.973841" m_d="0.227230" m_tx="51.000000" m_ty="-87.000000"/>
  </frame>
  <frame idx="900" w="142" h="167" x="6.820099" y="-23.294533">
   <element name="weed_dried" layername="weed_dried" frame="0" z_index="2" m_a="0.227230" m_b="0.973841" m_c="-0.973841" m_d="0.227230" m_tx="51.000000" m_ty="-87.000000"/>
  </frame>
  <frame idx="925" w="142" h="167" x="6.820099" y="-23.294533">
   <element name="weed_dried" layername="weed_dried" frame="0" z_index="2" m_a="0.227230" m_b="0.973841" m_c="-0.973841" m_d="0.227230" m_tx="51.000000" m_ty="-87.000000"/>
  </frame>
  <frame idx="950" w="142" h="167" x="6.820099" y="-23.294533">
   <element name="weed_dried" layername="weed_dried" frame="0" z_index="2" m_a="0.227230" m_b="0.973841" m_c="-0.973841" m_d="0.227230" m_tx="51.000000" m_ty="-87.000000"/>
  </frame>
  <frame idx="975" w="142" h="167" x="6.820099" y="-23.294533">
   <element name="weed_dried" layername="weed_dried" frame="0" z_index="2" m_a="0.227230" m_b="0.973841" m_c="-0.973841" m_d="0.227230" m_tx="51.000000" m_ty="-87.000000"/>
  </frame>
 </anim>
</Anims>
