<Anims>
 <anim name="BUILD" root="swap_joint" numframes="1000" framerate="40">
  <frame idx="0" w="143" h="157" x="99.048271" y="16.897289">
   <element name="joint" layername="joint" frame="0" z_index="1" m_a="1.519051" m_b="-0.009040" m_c="0.009356" m_d="1.572126" m_tx="9.322725" m_ty="-12.011398"/>
  </frame>
  <frame idx="25" w="143" h="157" x="99.048271" y="16.897289">
   <element name="joint" layername="joint" frame="0" z_index="1" m_a="1.519051" m_b="-0.009040" m_c="0.009356" m_d="1.572126" m_tx="9.322725" m_ty="-12.011398"/>
  </frame>
  <frame idx="50" w="143" h="157" x="99.048271" y="16.897289">
   <element name="joint" layername="joint" frame="0" z_index="1" m_a="1.519051" m_b="-0.009040" m_c="0.009356" m_d="1.572126" m_tx="9.322725" m_ty="-12.011398"/>
  </frame>
  <frame idx="75" w="143" h="157" x="99.048271" y="16.897289">
   <element name="joint" layername="joint" frame="0" z_index="1" m_a="1.519051" m_b="-0.009040" m_c="0.009356" m_d="1.572126" m_tx="9.322725" m_ty="-12.011398"/>
  </frame>
  <frame idx="100" w="143" h="157" x="99.048271" y="16.897289">
   <element name="joint" layername="joint" frame="0" z_index="1" m_a="1.519051" m_b="-0.009040" m_c="0.009356" m_d="1.572126" m_tx="9.322725" m_ty="-12.011398"/>
  </frame>
  <frame idx="125" w="143" h="157" x="99.048271" y="16.897289">
   <element name="joint" layername="joint" frame="0" z_index="1" m_a="1.519051" m_b="-0.009040" m_c="0.009356" m_d="1.572126" m_tx="9.322725" m_ty="-12.011398"/>
  </frame>
  <frame idx="150" w="143" h="157" x="99.048271" y="16.897289">
   <element name="joint" layername="joint" frame="0" z_index="1" m_a="1.519051" m_b="-0.009040" m_c="0.009356" m_d="1.572126" m_tx="9.322725" m_ty="-12.011398"/>
  </frame>
  <frame idx="175" w="143" h="157" x="99.048271" y="16.897289">
   <element name="joint" layername="joint" frame="0" z_index="1" m_a="1.519051" m_b="-0.009040" m_c="0.009356" m_d="1.572126" m_tx="9.322725" m_ty="-12.011398"/>
  </frame>
  <frame idx="200" w="143" h="157" x="99.048271" y="16.897289">
   <element name="joint" layername="joint" frame="0" z_index="1" m_a="1.519051" m_b="-0.009040" m_c="0.009356" m_d="1.572126" m_tx="9.322725" m_ty="-12.011398"/>
  </frame>
  <frame idx="225" w="143" h="157" x="99.048271" y="16.897289">
   <element name="joint" layername="joint" frame="0" z_index="1" m_a="1.519051" m_b="-0.009040" m_c="0.009356" m_d="1.572126" m_tx="9.322725" m_ty="-12.011398"/>
  </frame>
  <frame idx="250" w="143" h="157" x="99.048271" y="16.897289">
   <element name="joint" layername="joint" frame="0" z_index="1" m_a="1.519051" m_b="-0.009040" m_c="0.009356" m_d="1.572126" m_tx="9.322725" m_ty="-12.011398"/>
  </frame>
  <frame idx="275" w="143" h="157" x="99.048271" y="16.897289">
   <element name="joint" layername="joint" frame="0" z_index="1" m_a="1.519051" m_b="-0.009040" m_c="0.009356" m_d="1.572126" m_tx="9.322725" m_ty="-12.011398"/>
  </frame>
  <frame idx="300" w="143" h="157" x="99.048271" y="16.897289">
   <element name="joint" layername="joint" frame="0" z_index="1" m_a="1.519051" m_b="-0.009040" m_c="0.009356" m_d="1.572126" m_tx="9.322725" m_ty="-12.011398"/>
  </frame>
  <frame idx="325" w="143" h="157" x="99.048271" y="16.897289">
   <element name="joint" layername="joint" frame="0" z_index="1" m_a="1.519051" m_b="-0.009040" m_c="0.009356" m_d="1.572126" m_tx="9.322725" m_ty="-12.011398"/>
  </frame>
  <frame idx="350" w="143" h="157" x="99.048271" y="16.897289">
   <element name="joint" layername="joint" frame="0" z_index="1" m_a="1.519051" m_b="-0.009040" m_c="0.009356" m_d="1.572126" m_tx="9.322725" m_ty="-12.011398"/>
  </frame>
  <frame idx="375" w="143" h="157" x="99.048271" y="16.897289">
   <element name="joint" layername="joint" frame="0" z_index="1" m_a="1.519051" m_b="-0.009040" m_c="0.009356" m_d="1.572126" m_tx="9.322725" m_ty="-12.011398"/>
  </frame>
  <frame idx="400" w="143" h="157" x="99.048271" y="16.897289">
   <element name="joint" layername="joint" frame="0" z_index="1" m_a="1.519051" m_b="-0.009040" m_c="0.009356" m_d="1.572126" m_tx="9.322725" m_ty="-12.011398"/>
  </frame>
  <frame idx="425" w="143" h="157" x="99.048271" y="16.897289">
   <element name="joint" layername="joint" frame="0" z_index="1" m_a="1.519051" m_b="-0.009040" m_c="0.009356" m_d="1.572126" m_tx="9.322725" m_ty="-12.011398"/>
  </frame>
  <frame idx="450" w="143" h="157" x="99.048271" y="16.897289">
   <element name="joint" layername="joint" frame="0" z_index="1" m_a="1.519051" m_b="-0.009040" m_c="0.009356" m_d="1.572126" m_tx="9.322725" m_ty="-12.011398"/>
  </frame>
  <frame idx="475" w="143" h="157" x="99.048271" y="16.897289">
   <element name="joint" layername="joint" frame="0" z_index="1" m_a="1.519051" m_b="-0.009040" m_c="0.009356" m_d="1.572126" m_tx="9.322725" m_ty="-12.011398"/>
  </frame>
  <frame idx="500" w="143" h="157" x="99.048271" y="16.897289">
   <element name="joint" layername="joint" frame="0" z_index="1" m_a="1.519051" m_b="-0.009040" m_c="0.009356" m_d="1.572126" m_tx="9.322725" m_ty="-12.011398"/>
  </frame>
  <frame idx="525" w="143" h="157" x="99.048271" y="16.897289">
   <element name="joint" layername="joint" frame="0" z_index="1" m_a="1.519051" m_b="-0.009040" m_c="0.009356" m_d="1.572126" m_tx="9.322725" m_ty="-12.011398"/>
  </frame>
  <frame idx="550" w="143" h="157" x="99.048271" y="16.897289">
   <element name="joint" layername="joint" frame="0" z_index="1" m_a="1.519051" m_b="-0.009040" m_c="0.009356" m_d="1.572126" m_tx="9.322725" m_ty="-12.011398"/>
  </frame>
  <frame idx="575" w="143" h="157" x="99.048271" y="16.897289">
   <element name="joint" layername="joint" frame="0" z_index="1" m_a="1.519051" m_b="-0.009040" m_c="0.009356" m_d="1.572126" m_tx="9.322725" m_ty="-12.011398"/>
  </frame>
  <frame idx="600" w="143" h="157" x="99.048271" y="16.897289">
   <element name="joint" layername="joint" frame="0" z_index="1" m_a="1.519051" m_b="-0.009040" m_c="0.009356" m_d="1.572126" m_tx="9.322725" m_ty="-12.011398"/>
  </frame>
  <frame idx="625" w="143" h="157" x="99.048271" y="16.897289">
   <element name="joint" layername="joint" frame="0" z_index="1" m_a="1.519051" m_b="-0.009040" m_c="0.009356" m_d="1.572126" m_tx="9.322725" m_ty="-12.011398"/>
  </frame>
  <frame idx="650" w="143" h="157" x="99.048271" y="16.897289">
   <element name="joint" layername="joint" frame="0" z_index="1" m_a="1.519051" m_b="-0.009040" m_c="0.009356" m_d="1.572126" m_tx="9.322725" m_ty="-12.011398"/>
  </frame>
  <frame idx="675" w="143" h="157" x="99.048271" y="16.897289">
   <element name="joint" layername="joint" frame="0" z_index="1" m_a="1.519051" m_b="-0.009040" m_c="0.009356" m_d="1.572126" m_tx="9.322725" m_ty="-12.011398"/>
  </frame>
  <frame idx="700" w="143" h="157" x="99.048271" y="16.897289">
   <element name="joint" layername="joint" frame="0" z_index="1" m_a="1.519051" m_b="-0.009040" m_c="0.009356" m_d="1.572126" m_tx="9.322725" m_ty="-12.011398"/>
  </frame>
  <frame idx="725" w="143" h="157" x="99.048271" y="16.897289">
   <element name="joint" layername="joint" frame="0" z_index="1" m_a="1.519051" m_b="-0.009040" m_c="0.009356" m_d="1.572126" m_tx="9.322725" m_ty="-12.011398"/>
  </frame>
  <frame idx="750" w="143" h="157" x="99.048271" y="16.897289">
   <element name="joint" layername="joint" frame="0" z_index="1" m_a="1.519051" m_b="-0.009040" m_c="0.009356" m_d="1.572126" m_tx="9.322725" m_ty="-12.011398"/>
  </frame>
  <frame idx="775" w="143" h="157" x="99.048271" y="16.897289">
   <element name="joint" layername="joint" frame="0" z_index="1" m_a="1.519051" m_b="-0.009040" m_c="0.009356" m_d="1.572126" m_tx="9.322725" m_ty="-12.011398"/>
  </frame>
  <frame idx="800" w="143" h="157" x="99.048271" y="16.897289">
   <element name="joint" layername="joint" frame="0" z_index="1" m_a="1.519051" m_b="-0.009040" m_c="0.009356" m_d="1.572126" m_tx="9.322725" m_ty="-12.011398"/>
  </frame>
  <frame idx="825" w="143" h="157" x="99.048271" y="16.897289">
   <element name="joint" layername="joint" frame="0" z_index="1" m_a="1.519051" m_b="-0.009040" m_c="0.009356" m_d="1.572126" m_tx="9.322725" m_ty="-12.011398"/>
  </frame>
  <frame idx="850" w="143" h="157" x="99.048271" y="16.897289">
   <element name="joint" layername="joint" frame="0" z_index="1" m_a="1.519051" m_b="-0.009040" m_c="0.009356" m_d="1.572126" m_tx="9.322725" m_ty="-12.011398"/>
  </frame>
  <frame idx="875" w="143" h="157" x="99.048271" y="16.897289">
   <element name="joint" layername="joint" frame="0" z_index="1" m_a="1.519051" m_b="-0.009040" m_c="0.009356" m_d="1.572126" m_tx="9.322725" m_ty="-12.011398"/>
  </frame>
  <frame idx="900" w="143" h="157" x="99.048271" y="16.897289">
   <element name="joint" layername="joint" frame="0" z_index="1" m_a="1.519051" m_b="-0.009040" m_c="0.009356" m_d="1.572126" m_tx="9.322725" m_ty="-12.011398"/>
  </frame>
  <frame idx="925" w="143" h="157" x="99.048271" y="16.897289">
   <element name="joint" layername="joint" frame="0" z_index="1" m_a="1.519051" m_b="-0.009040" m_c="0.009356" m_d="1.572126" m_tx="9.322725" m_ty="-12.011398"/>
  </frame>
  <frame idx="950" w="143" h="157" x="99.048271" y="16.897289">
   <element name="joint" layername="joint" frame="0" z_index="1" m_a="1.519051" m_b="-0.009040" m_c="0.009356" m_d="1.572126" m_tx="9.322725" m_ty="-12.011398"/>
  </frame>
  <frame idx="975" w="143" h="157" x="99.048271" y="16.897289">
   <element name="joint" layername="joint" frame="0" z_index="1" m_a="1.519051" m_b="-0.009040" m_c="0.009356" m_d="1.572126" m_tx="9.322725" m_ty="-12.011398"/>
  </frame>
 </anim>
</Anims>
